condition,example_kind,status,completed_queries,expected_queries,successes,retrieved,retrieval_misses,rescue,regression,abstentions,selection_error,unnecessary_abstention,correct_shortlist_rejection,forced_candidate_successes,forced_rescues,forced_regressions,forced_selection_accuracy_if_retrieved,forced_overall_accuracy,overall_accuracy,selection_accuracy_if_retrieved,macro_accuracy
retrieval_top1,synonym,complete,2000,2000,1463,1841,159,0,0,0,378,0,0,1463,0,0,0.7946768060836502,0.7315,0.7315,0.7946768060836502,0.7369865606662881
wratio_aliases,synonym,complete,2000,2000,964,1841,159,102,601,0,877,0,0,964,102,601,0.5236284627919608,0.482,0.482,0.5236284627919608,0.4838160136286201
levenshtein_aliases,synonym,complete,2000,2000,924,1841,159,81,620,0,917,0,0,924,81,620,0.5019011406844106,0.462,0.462,0.5019011406844106,0.4596819988642817
generic_names,synonym,complete,2000,2000,1606,1841,159,254,111,0,235,0,0,1605,254,112,0.8718087995654535,0.8025,0.803,0.8723519826181423,0.8087261025932234
strict_names,synonym,complete,2000,2000,1442,1841,159,208,229,380,140,259,121,1603,250,110,0.870722433460076,0.8015,0.721,0.7832699619771863,0.7300776074200264
ao3_names,synonym,complete,2000,2000,1521,1841,159,226,168,235,189,131,104,1596,242,109,0.8669201520912547,0.798,0.7605,0.8261814231395981,0.7636759416997917
ao3_aliases,synonym,complete,2000,2000,1633,1841,159,231,61,166,133,75,91,1672,247,38,0.9082020640956002,0.836,0.8165,0.8870179250407387,0.8216922203293583
ao3_aliases_shuffled,synonym,complete,2000,2000,1613,1841,159,239,89,191,140,88,103,1672,264,55,0.9082020640956002,0.836,0.8065,0.8761542639869636,0.8110921824720803
ao3_context,synonym,complete,2000,2000,1624,1841,159,246,85,162,153,64,98,1662,264,65,0.9027702335687127,0.831,0.812,0.8821292775665399,0.8164868445958735
ao3_pairwise_aliases,synonym,complete,2000,2000,1488,1841,159,221,196,0,353,0,0,1488,221,196,0.8082563824008691,0.744,0.744,0.8082563824008691,0.7442740866931669
retrieval_top1,canonical_name,complete,250,250,250,250,0,0,0,0,0,0,0,250,0,0,1.0,1.0,1.0,1.0,1.0
wratio_aliases,canonical_name,complete,250,250,250,250,0,0,0,0,0,0,0,250,0,0,1.0,1.0,1.0,1.0,1.0
levenshtein_aliases,canonical_name,complete,250,250,250,250,0,0,0,0,0,0,0,250,0,0,1.0,1.0,1.0,1.0,1.0
generic_names,canonical_name,complete,250,250,250,250,0,0,0,0,0,0,0,250,0,0,1.0,1.0,1.0,1.0,1.0
strict_names,canonical_name,complete,250,250,250,250,0,0,0,0,0,0,0,250,0,0,1.0,1.0,1.0,1.0,1.0
ao3_names,canonical_name,complete,250,250,247,250,0,0,3,1,2,1,0,248,0,2,0.992,0.992,0.988,0.988,0.988
ao3_aliases,canonical_name,complete,250,250,245,250,0,0,5,1,4,1,0,246,0,4,0.984,0.984,0.98,0.98,0.98
ao3_aliases_shuffled,canonical_name,complete,250,250,245,250,0,0,5,0,5,0,0,245,0,5,0.98,0.98,0.98,0.98,0.98
ao3_context,canonical_name,complete,250,250,244,250,0,0,6,0,6,0,0,244,0,6,0.976,0.976,0.976,0.976,0.976
ao3_pairwise_aliases,canonical_name,complete,250,250,215,250,0,0,35,0,35,0,0,215,0,35,0.86,0.86,0.86,0.86,0.86
