condition,stratum,queries,retrieved,successes,overall_accuracy,selection_accuracy_if_retrieved
retrieval_top1,target_with_aliases,1508,1422,1160,0.7692307692307693,0.8157524613220816
retrieval_top1,target_without_aliases,492,419,303,0.6158536585365854,0.7231503579952268
retrieval_top1,query_with_cotags,949,869,686,0.7228661749209695,0.7894131185270425
retrieval_top1,query_without_cotags,1051,972,777,0.7392959086584205,0.7993827160493827
wratio_aliases,target_with_aliases,1508,1422,774,0.513262599469496,0.5443037974683544
wratio_aliases,target_without_aliases,492,419,190,0.3861788617886179,0.45346062052505964
wratio_aliases,query_with_cotags,949,869,465,0.48998946259220233,0.5350978135788262
wratio_aliases,query_without_cotags,1051,972,499,0.4747859181731684,0.5133744855967078
levenshtein_aliases,target_with_aliases,1508,1422,813,0.5391246684350133,0.5717299578059072
levenshtein_aliases,target_without_aliases,492,419,111,0.22560975609756098,0.2649164677804296
levenshtein_aliases,query_with_cotags,949,869,435,0.458377239199157,0.5005753739930955
levenshtein_aliases,query_without_cotags,1051,972,489,0.4652711703139867,0.5030864197530864
generic_names,target_with_aliases,1508,1422,1220,0.8090185676392573,0.8579465541490858
generic_names,target_without_aliases,492,419,386,0.7845528455284553,0.9212410501193318
generic_names,query_with_cotags,949,869,768,0.80927291886196,0.8837744533947065
generic_names,query_without_cotags,1051,972,838,0.7973358705994291,0.8621399176954733
strict_names,target_with_aliases,1508,1422,1083,0.7181697612732095,0.7616033755274262
strict_names,target_without_aliases,492,419,359,0.7296747967479674,0.8568019093078759
strict_names,query_with_cotags,949,869,685,0.7218124341412012,0.7882623705408516
strict_names,query_without_cotags,1051,972,757,0.7202664129400571,0.7788065843621399
ao3_names,target_with_aliases,1508,1422,1164,0.7718832891246684,0.8185654008438819
ao3_names,target_without_aliases,492,419,357,0.725609756097561,0.8520286396181385
ao3_names,query_with_cotags,949,869,715,0.7534246575342466,0.8227848101265823
ao3_names,query_without_cotags,1051,972,806,0.7668886774500476,0.8292181069958847
ao3_aliases,target_with_aliases,1508,1422,1279,0.8481432360742706,0.89943741209564
ao3_aliases,target_without_aliases,492,419,354,0.7195121951219512,0.8448687350835322
ao3_aliases,query_with_cotags,949,869,763,0.804004214963119,0.8780207134637514
ao3_aliases,query_without_cotags,1051,972,870,0.8277830637488106,0.8950617283950617
ao3_aliases_shuffled,target_with_aliases,1508,1422,1266,0.8395225464190982,0.890295358649789
ao3_aliases_shuffled,target_without_aliases,492,419,347,0.7052845528455285,0.8281622911694511
ao3_aliases_shuffled,query_with_cotags,949,869,752,0.7924130663856691,0.8653624856156502
ao3_aliases_shuffled,query_without_cotags,1051,972,861,0.8192197906755471,0.8858024691358025
ao3_context,target_with_aliases,1508,1422,1268,0.8408488063660478,0.8917018284106891
ao3_context,target_without_aliases,492,419,356,0.7235772357723578,0.8496420047732697
ao3_context,query_with_cotags,949,869,760,0.8008429926238145,0.8745684695051784
ao3_context,query_without_cotags,1051,972,864,0.8220742150333016,0.8888888888888888
ao3_pairwise_aliases,target_with_aliases,1508,1422,1192,0.7904509283819628,0.8382559774964838
ao3_pairwise_aliases,target_without_aliases,492,419,296,0.6016260162601627,0.7064439140811456
ao3_pairwise_aliases,query_with_cotags,949,869,705,0.7428872497365648,0.8112773302646721
ao3_pairwise_aliases,query_without_cotags,1051,972,783,0.7450047573739296,0.8055555555555556
