method,candidate_policy,example_kind,examples,canonical_groups,hits@1,recall@1,macro_recall@1,ci95_low@1,ci95_high@1,hits@3,recall@3,macro_recall@3,ci95_low@3,ci95_high@3,hits@5,recall@5,macro_recall@5,ci95_low@5,ci95_high@5,hits@10,recall@10,macro_recall@10,ci95_low@10,ci95_high@10
exact_raw,canonical_names,synonym,1033,618,0,0.0,0.0,0.0,0.0,0,0.0,0.0,0.0,0.0,0,0.0,0.0,0.0,0.0,0,0.0,0.0,0.0,0.0
exact_raw,canonical_names,canonical_name,1420,1420,1420,1.0,1.0,1.0,1.0,1420,1.0,1.0,1.0,1.0,1420,1.0,1.0,1.0,1.0,1420,1.0,1.0,1.0,1.0
exact_raw,development_aliases_leave_one_out,synonym,1033,618,0,0.0,0.0,0.0,0.0,0,0.0,0.0,0.0,0.0,0,0.0,0.0,0.0,0.0,0,0.0,0.0,0.0,0.0
exact_raw,development_aliases_leave_one_out,canonical_name,1420,1420,1420,1.0,1.0,1.0,1.0,1420,1.0,1.0,1.0,1.0,1420,1.0,1.0,1.0,1.0,1420,1.0,1.0,1.0,1.0
exact_casefold,canonical_names,synonym,1033,618,0,0.0,0.0,0.0,0.0,0,0.0,0.0,0.0,0.0,0,0.0,0.0,0.0,0.0,0,0.0,0.0,0.0,0.0
exact_casefold,canonical_names,canonical_name,1420,1420,1420,1.0,1.0,1.0,1.0,1420,1.0,1.0,1.0,1.0,1420,1.0,1.0,1.0,1.0,1420,1.0,1.0,1.0,1.0
exact_casefold,development_aliases_leave_one_out,synonym,1033,618,0,0.0,0.0,0.0,0.0,0,0.0,0.0,0.0,0.0,0,0.0,0.0,0.0,0.0,0,0.0,0.0,0.0,0.0
exact_casefold,development_aliases_leave_one_out,canonical_name,1420,1420,1420,1.0,1.0,1.0,1.0,1420,1.0,1.0,1.0,1.0,1420,1.0,1.0,1.0,1.0,1420,1.0,1.0,1.0,1.0
exact_whitespace,canonical_names,synonym,1033,618,0,0.0,0.0,0.0,0.0,0,0.0,0.0,0.0,0.0,0,0.0,0.0,0.0,0.0,0,0.0,0.0,0.0,0.0
exact_whitespace,canonical_names,canonical_name,1420,1420,1420,1.0,1.0,1.0,1.0,1420,1.0,1.0,1.0,1.0,1420,1.0,1.0,1.0,1.0,1420,1.0,1.0,1.0,1.0
exact_whitespace,development_aliases_leave_one_out,synonym,1033,618,0,0.0,0.0,0.0,0.0,0,0.0,0.0,0.0,0.0,0,0.0,0.0,0.0,0.0,0,0.0,0.0,0.0,0.0
exact_whitespace,development_aliases_leave_one_out,canonical_name,1420,1420,1420,1.0,1.0,1.0,1.0,1420,1.0,1.0,1.0,1.0,1420,1.0,1.0,1.0,1.0,1420,1.0,1.0,1.0,1.0
exact_safe_separators,canonical_names,synonym,1033,618,0,0.0,0.0,0.0,0.0,0,0.0,0.0,0.0,0.0,0,0.0,0.0,0.0,0.0,0,0.0,0.0,0.0,0.0
exact_safe_separators,canonical_names,canonical_name,1420,1420,1420,1.0,1.0,1.0,1.0,1420,1.0,1.0,1.0,1.0,1420,1.0,1.0,1.0,1.0,1420,1.0,1.0,1.0,1.0
exact_safe_separators,development_aliases_leave_one_out,synonym,1033,618,0,0.0,0.0,0.0,0.0,0,0.0,0.0,0.0,0.0,0,0.0,0.0,0.0,0.0,0,0.0,0.0,0.0,0.0
exact_safe_separators,development_aliases_leave_one_out,canonical_name,1420,1420,1420,1.0,1.0,1.0,1.0,1420,1.0,1.0,1.0,1.0,1420,1.0,1.0,1.0,1.0,1420,1.0,1.0,1.0,1.0
similarity,canonical_names,synonym,1033,618,594,0.5750242013552759,0.6164948724414745,0.5387559026315206,0.6110599578567886,764,0.739593417231365,0.7776756235494099,0.7042677389427109,0.7739879404623061,814,0.7879961277831559,0.8180477918341995,0.7558979662645458,0.8195026885020501,847,0.8199419167473379,0.8483246706547676,0.7888563049853372,0.8519653123229239
similarity,canonical_names,canonical_name,1420,1420,1418,0.9985915492957746,0.9985915492957746,0.9964788732394366,1.0,1420,1.0,1.0,1.0,1.0,1420,1.0,1.0,1.0,1.0,1420,1.0,1.0,1.0,1.0
similarity,development_aliases_leave_one_out,synonym,1033,618,699,0.6766698935140368,0.6606824719688797,0.6440976712867057,0.7089564617669945,849,0.8218780251694094,0.8065019123271551,0.7988070391287572,0.8469900500295032,891,0.8625363020329139,0.8472998594357818,0.8405462164621684,0.8843472898839028,924,0.8944820909970959,0.8790060802196725,0.874632640511741,0.9144018710550672
similarity,development_aliases_leave_one_out,canonical_name,1420,1420,1417,0.997887323943662,0.997887323943662,0.9950704225352113,1.0,1420,1.0,1.0,1.0,1.0,1420,1.0,1.0,1.0,1.0,1420,1.0,1.0,1.0,1.0
word_similarity,canonical_names,synonym,1033,618,474,0.45885769603097776,0.5126354856937381,0.4217615780174295,0.49749848370538025,687,0.665053242981607,0.7039022915236508,0.6285374591932718,0.7034794636522443,749,0.7250726040658277,0.7633813866823577,0.6906402309724986,0.7622540085535959,805,0.7792836398838335,0.8106146415612435,0.7469411495712581,0.8126859024070375
word_similarity,canonical_names,canonical_name,1420,1420,1339,0.9429577464788732,0.9429577464788732,0.930281690140845,0.9542429577464787,1410,0.9929577464788732,0.9929577464788732,0.9880281690140845,0.9964788732394366,1418,0.9985915492957746,0.9985915492957746,0.9964788732394366,1.0,1420,1.0,1.0,1.0,1.0
word_similarity,development_aliases_leave_one_out,synonym,1033,618,548,0.5304937076476283,0.5306476111087761,0.4947003180104815,0.5682348916090751,764,0.739593417231365,0.7281929325618646,0.7076568328944481,0.7716373808210542,833,0.8063891577928364,0.7938862737406427,0.7794407475849487,0.8343081355349157,882,0.8538238141335914,0.8416691183681476,0.8311270684936473,0.876507249092062
word_similarity,development_aliases_leave_one_out,canonical_name,1420,1420,1309,0.921830985915493,0.921830985915493,0.9077464788732394,0.9352112676056338,1404,0.9887323943661972,0.9887323943661972,0.9830985915492958,0.9936619718309859,1416,0.9971830985915493,0.9971830985915493,0.9943661971830986,0.9992957746478873,1420,1.0,1.0,1.0,1.0
strict_word_similarity,canonical_names,synonym,1033,618,485,0.46950629235237173,0.5249569784763959,0.43213180524352734,0.5100842278638062,701,0.6786060019361084,0.7228073616423132,0.6420555366208047,0.7170548617092545,767,0.7424975798644724,0.7835899447549933,0.7088223240115719,0.7795672113272293,822,0.7957405614714425,0.8316951881272269,0.763080853357386,0.8290005083179297
strict_word_similarity,canonical_names,canonical_name,1420,1420,1340,0.9436619718309859,0.9436619718309859,0.9309859154929577,0.9549295774647887,1410,0.9929577464788732,0.9929577464788732,0.9880281690140845,0.9964788732394366,1418,0.9985915492957746,0.9985915492957746,0.9964788732394366,1.0,1420,1.0,1.0,1.0,1.0
strict_word_similarity,development_aliases_leave_one_out,synonym,1033,618,577,0.558567279767667,0.5535194174757282,0.5206403868035289,0.5985131754314629,775,0.750242013552759,0.740488624105129,0.7182163187855788,0.7830969284237488,849,0.8218780251694094,0.8098889379229185,0.7960945472385759,0.8482765503475808,900,0.8712487899322362,0.8598595175051486,0.8498023917143974,0.8926404249899165
strict_word_similarity,development_aliases_leave_one_out,canonical_name,1420,1420,1310,0.9225352112676056,0.9225352112676056,0.9084507042253521,0.9359154929577465,1404,0.9887323943661972,0.9887323943661972,0.9830985915492958,0.9936619718309859,1416,0.9971830985915493,0.9971830985915493,0.9943661971830986,0.9992957746478873,1420,1.0,1.0,1.0,1.0
levenshtein_normalized,canonical_names,synonym,1033,618,423,0.409486931268151,0.4626329756184125,0.3740383210282032,0.44347061155714146,557,0.5392061955469506,0.5934942349990894,0.5041487124243357,0.5750032383419689,629,0.6089060987415296,0.649943610865941,0.5737501885186741,0.6464972902071041,700,0.6776379477250726,0.7169559674414043,0.644422514952059,0.7117214751108549
levenshtein_normalized,canonical_names,canonical_name,1420,1420,1420,1.0,1.0,1.0,1.0,1420,1.0,1.0,1.0,1.0,1420,1.0,1.0,1.0,1.0,1420,1.0,1.0,1.0,1.0
levenshtein_normalized,development_aliases_leave_one_out,synonym,1033,618,558,0.5401742497579864,0.5171235003759276,0.5039912408759124,0.5736061948013477,701,0.6786060019361084,0.6448873851786473,0.6449655568312285,0.7108436628357812,753,0.7289448209099709,0.6884810892092447,0.6971163973398332,0.7601528849900481,816,0.7899322362052275,0.7540273282991731,0.7633920387949031,0.8174700872847601
levenshtein_normalized,development_aliases_leave_one_out,canonical_name,1420,1420,1420,1.0,1.0,1.0,1.0,1420,1.0,1.0,1.0,1.0,1420,1.0,1.0,1.0,1.0,1420,1.0,1.0,1.0,1.0
rapidfuzz_wratio,canonical_names,synonym,1033,618,406,0.39303000968054214,0.43511548681451595,0.35840038681447567,0.4293785310734463,661,0.6398838334946757,0.6810865240476891,0.6051086688004812,0.676447116357663,733,0.7095837366892546,0.7451230987638754,0.6770223060975802,0.7444029850746269,784,0.7589545014520813,0.7975965153149619,0.7269439889820244,0.7924978728474112
rapidfuzz_wratio,canonical_names,canonical_name,1420,1420,1420,1.0,1.0,1.0,1.0,1420,1.0,1.0,1.0,1.0,1420,1.0,1.0,1.0,1.0,1420,1.0,1.0,1.0,1.0
rapidfuzz_wratio,development_aliases_leave_one_out,synonym,1033,618,474,0.45885769603097776,0.4471229283122487,0.42023118698813683,0.4972608078148815,746,0.7221684414327202,0.6998888561995358,0.6919201376513961,0.7533346228239844,824,0.797676669893514,0.7799499852897911,0.7702953482161403,0.8248827819096206,884,0.8557599225556631,0.8398924520283744,0.8328472084043452,0.878876633627423
rapidfuzz_wratio,development_aliases_leave_one_out,canonical_name,1420,1420,1420,1.0,1.0,1.0,1.0,1420,1.0,1.0,1.0,1.0,1420,1.0,1.0,1.0,1.0,1420,1.0,1.0,1.0,1.0
text_embedding_3_small_cosine,canonical_names,synonym,1033,618,646,0.6253630203291385,0.6678703937199083,0.5860130919190714,0.6619309899895074,784,0.7589545014520813,0.7852506806390301,0.7245078542780748,0.7917106613457652,836,0.8092933204259438,0.831027508090615,0.7774457569913211,0.8390452800115916,876,0.8480154888673765,0.860648148148148,0.8181798015648948,0.8738591556459817
text_embedding_3_small_cosine,canonical_names,canonical_name,1420,1420,1420,1.0,1.0,1.0,1.0,1420,1.0,1.0,1.0,1.0,1420,1.0,1.0,1.0,1.0,1420,1.0,1.0,1.0,1.0
