method,condition,example_kind,examples,canonical_groups,recall@1,macro_recall@1,recall@3,macro_recall@3,recall@5,macro_recall@5,recall@10,macro_recall@10,recall@10_ci95_low,recall@10_ci95_high
lexical,raw,synonym,2000,1761,0.5025,0.5129661177361348,0.6085,0.6208593602120008,0.651,0.6642059435926557,0.7035,0.7153132689759607,0.6826003050904598,0.7247678621727414
lexical,raw,canonical_name,250,250,1.0,1.0,1.0,1.0,1.0,1.0,1.0,1.0,1.0,1.0
lexical,global_aliases,synonym,2000,1761,0.6585,0.6523755441983722,0.785,0.7766420594359266,0.8145,0.8073064546659096,0.848,0.8417565777020634,0.8323323323323323,0.8636363636363636
lexical,global_aliases,canonical_name,250,250,1.0,1.0,1.0,1.0,1.0,1.0,1.0,1.0,1.0,1.0
lexical,selected_aliases,synonym,2000,1761,0.617,0.6288093886049594,0.741,0.7491955328411887,0.776,0.7835510126821881,0.8165,0.8218815067196669,0.7983108734955855,0.834170412683153
lexical,selected_aliases,canonical_name,250,250,1.0,1.0,1.0,1.0,1.0,1.0,1.0,1.0,1.0,1.0
semantic,raw,synonym,2000,1761,0.584,0.5909521105432518,0.7135,0.7233579405640735,0.7585,0.7659473783834941,0.8095,0.8144046943024795,0.7907383194783468,0.8282035764669845
semantic,raw,canonical_name,250,250,1.0,1.0,1.0,1.0,1.0,1.0,1.0,1.0,1.0,1.0
semantic,template,synonym,2000,1761,0.647,0.6498201779292069,0.773,0.7740866931667613,0.808,0.8086314593980692,0.8455,0.8466780238500852,0.8282779065012948,0.8620182275367975
semantic,template,canonical_name,250,250,1.0,1.0,1.0,1.0,1.0,1.0,1.0,1.0,1.0,1.0
semantic,aliases,synonym,2000,1761,0.484,0.5140071928828317,0.6615,0.6886238879424569,0.7135,0.7367972742759795,0.7835,0.8030475108839673,0.7633254012253226,0.8040716590685957
semantic,aliases,canonical_name,250,250,0.924,0.924,0.976,0.976,0.984,0.984,0.988,0.988,0.972,1.0
semantic,fandom_candidate,synonym,2000,1761,0.3075,0.3273708120386144,0.4675,0.4873178118493281,0.5275,0.5474162407722885,0.6195,0.6370433465833806,0.596075714920729,0.6420017068273093
semantic,fandom_candidate,canonical_name,250,250,0.752,0.752,0.848,0.848,0.88,0.88,0.932,0.932,0.9,0.96
semantic,fandom_both,synonym,2000,1761,0.3675,0.39485141018360775,0.5095,0.5368162029150104,0.5625,0.5909521105432518,0.648,0.6722506151807685,0.6240802758130474,0.6708688760598133
semantic,fandom_both,canonical_name,250,250,0.84,0.84,0.916,0.916,0.936,0.936,0.952,0.952,0.924,0.976
semantic,cotags_candidate,synonym,2000,1761,0.2305,0.24342229793677833,0.3695,0.38321029717963273,0.4285,0.442551580541359,0.519,0.534923339011925,0.4945164506480558,0.5416671867199201
semantic,cotags_candidate,canonical_name,250,250,0.672,0.672,0.772,0.772,0.804,0.804,0.844,0.844,0.796,0.888
semantic,cotags_both,synonym,2000,1761,0.3365,0.3587923528298315,0.4785,0.5010410751466969,0.533,0.5565966307022524,0.6075,0.6289986749952677,0.5838756526675218,0.6303838620355247
semantic,cotags_both,canonical_name,250,250,0.808,0.808,0.876,0.876,0.904,0.904,0.932,0.932,0.9,0.96
semantic,length_candidate,synonym,2000,1761,0.507,0.5152375544198372,0.6805,0.6912738974067764,0.744,0.7542116221843649,0.801,0.8081582434222978,0.7819150521609538,0.8204002897564611
semantic,length_candidate,canonical_name,250,250,0.868,0.868,0.94,0.94,0.964,0.964,0.976,0.976,0.956,0.992
semantic,length_both,synonym,2000,1761,0.461,0.48088207457883775,0.619,0.6381790649252318,0.68,0.6963846299451069,0.7495,0.7620670073821693,0.7280387096774193,0.7693493357680621
semantic,length_both,canonical_name,250,250,0.912,0.912,0.952,0.952,0.972,0.972,0.98,0.98,0.96,0.996
semantic,usage_candidate,synonym,2000,1761,0.36,0.37412455044482296,0.5135,0.5262161650577323,0.58,0.5953056975203482,0.6735,0.686541737649063,0.6508636113858666,0.6965194953694238
semantic,usage_candidate,canonical_name,250,250,0.784,0.784,0.86,0.86,0.9,0.9,0.944,0.944,0.912,0.9680999999999994
semantic,usage_both,synonym,2000,1761,0.376,0.3987317811849328,0.52,0.5384251372326329,0.5925,0.6109218247208026,0.6765,0.6930721181147076,0.6550020324738479,0.6983410823058588
semantic,usage_both,canonical_name,250,250,0.872,0.872,0.928,0.928,0.94,0.94,0.96,0.96,0.936,0.98
semantic,metadata_candidate,synonym,2000,1761,0.38,0.38888888888888884,0.5485,0.5583948514101836,0.6165,0.6266325951164111,0.7055,0.714745409805035,0.683251755382688,0.7278714515480195
semantic,metadata_candidate,canonical_name,250,250,0.784,0.784,0.888,0.888,0.928,0.928,0.956,0.956,0.928,0.98
semantic,metadata_both,synonym,2000,1761,0.42,0.4335604770017036,0.585,0.5950217679348855,0.6495,0.660798788567102,0.726,0.735566912738974,0.7047353148704569,0.746885899352267
semantic,metadata_both,canonical_name,250,250,0.904,0.904,0.944,0.944,0.972,0.972,0.98,0.98,0.96,0.996
semantic,cotags_length_candidate,synonym,2000,1761,0.253,0.26452773045618017,0.402,0.41680863145939806,0.466,0.4814499337497634,0.5585,0.5713609691463184,0.5353753930305772,0.5811377399535527
semantic,cotags_length_candidate,canonical_name,250,250,0.684,0.684,0.792,0.792,0.828,0.828,0.876,0.876,0.832,0.916
semantic,cotags_length_both,synonym,2000,1761,0.349,0.3714745409805035,0.4925,0.5157107703956084,0.5495,0.5713609691463184,0.629,0.6489683891728184,0.6057717402794106,0.6519296391067302
semantic,cotags_length_both,canonical_name,250,250,0.82,0.82,0.88,0.88,0.912,0.912,0.952,0.952,0.924,0.976
semantic,all_candidate,synonym,2000,1761,0.2015,0.2120954003407155,0.3245,0.33664584516373275,0.3785,0.3909710391822828,0.47,0.48069278818852923,0.446226907240669,0.49348746193686077
semantic,all_candidate,canonical_name,250,250,0.624,0.624,0.708,0.708,0.756,0.756,0.828,0.828,0.78,0.876
semantic,all_both,synonym,2000,1761,0.339,0.35992807117168274,0.4675,0.48712852545901947,0.5135,0.5325572591330683,0.5945,0.6102593223547226,0.570866005587394,0.6170221012699983
semantic,all_both,canonical_name,250,250,0.792,0.792,0.844,0.844,0.876,0.876,0.916,0.916,0.88,0.948
semantic,cotags_one_work,synonym,2000,1761,0.336,0.36920310429680103,0.4465,0.4879803142154079,0.487,0.5307590384251372,0.544,0.5875449555176981,0.5197758549010955,0.5673080559757943
semantic,cotags_one_work,canonical_name,250,250,0.764,0.764,0.856,0.856,0.888,0.888,0.92,0.92,0.888,0.952
semantic,all_name_anchor,synonym,2000,1761,0.633,0.64035585841378,0.7735,0.783172439901571,0.8155,0.8207457883778156,0.8585,0.8622941510505394,0.8422352551375472,0.8753105755275475
semantic,all_name_anchor,canonical_name,250,250,1.0,1.0,1.0,1.0,1.0,1.0,1.0,1.0,1.0,1.0
