stratum,condition,examples,recall@1,recall@3,recall@5,recall@10
all,lexical/raw,2000,0.5025,0.6085,0.651,0.7035
all,lexical/global_aliases,2000,0.6585,0.785,0.8145,0.848
all,lexical/selected_aliases,2000,0.617,0.741,0.776,0.8165
all,semantic/raw,2000,0.584,0.7135,0.7585,0.8095
all,semantic/template,2000,0.647,0.773,0.808,0.8455
all,semantic/aliases,2000,0.484,0.6615,0.7135,0.7835
all,semantic/fandom_candidate,2000,0.3075,0.4675,0.5275,0.6195
all,semantic/fandom_both,2000,0.3675,0.5095,0.5625,0.648
all,semantic/cotags_candidate,2000,0.2305,0.3695,0.4285,0.519
all,semantic/cotags_both,2000,0.3365,0.4785,0.533,0.6075
all,semantic/length_candidate,2000,0.507,0.6805,0.744,0.801
all,semantic/length_both,2000,0.461,0.619,0.68,0.7495
all,semantic/usage_candidate,2000,0.36,0.5135,0.58,0.6735
all,semantic/usage_both,2000,0.376,0.52,0.5925,0.6765
all,semantic/metadata_candidate,2000,0.38,0.5485,0.6165,0.7055
all,semantic/metadata_both,2000,0.42,0.585,0.6495,0.726
all,semantic/cotags_length_candidate,2000,0.253,0.402,0.466,0.5585
all,semantic/cotags_length_both,2000,0.349,0.4925,0.5495,0.629
all,semantic/all_candidate,2000,0.2015,0.3245,0.3785,0.47
all,semantic/all_both,2000,0.339,0.4675,0.5135,0.5945
all,semantic/cotags_one_work,2000,0.336,0.4465,0.487,0.544
all,semantic/all_name_anchor,2000,0.633,0.7735,0.8155,0.8585
query_no_works,lexical/raw,357,0.5042016806722689,0.5938375350140056,0.6554621848739496,0.711484593837535
query_no_works,lexical/global_aliases,357,0.6414565826330533,0.7591036414565826,0.7955182072829131,0.8235294117647058
query_no_works,lexical/selected_aliases,357,0.6190476190476191,0.7282913165266106,0.7647058823529411,0.8011204481792717
query_no_works,semantic/raw,357,0.5798319327731093,0.7254901960784313,0.7647058823529411,0.8123249299719888
query_no_works,semantic/template,357,0.6330532212885154,0.773109243697479,0.8067226890756303,0.8403361344537815
query_no_works,semantic/aliases,357,0.484593837535014,0.6582633053221288,0.7198879551820728,0.7899159663865546
query_no_works,semantic/fandom_candidate,357,0.28291316526610644,0.45098039215686275,0.5154061624649859,0.6050420168067226
query_no_works,semantic/fandom_both,357,0.28291316526610644,0.45098039215686275,0.5154061624649859,0.6050420168067226
query_no_works,semantic/cotags_candidate,357,0.20448179271708683,0.32492997198879553,0.39215686274509803,0.49019607843137253
query_no_works,semantic/cotags_both,357,0.20448179271708683,0.32492997198879553,0.39215686274509803,0.49019607843137253
query_no_works,semantic/length_candidate,357,0.5126050420168067,0.680672268907563,0.742296918767507,0.8263305322128851
query_no_works,semantic/length_both,357,0.5126050420168067,0.680672268907563,0.742296918767507,0.8263305322128851
query_no_works,semantic/usage_candidate,357,0.33053221288515405,0.4649859943977591,0.5490196078431373,0.6638655462184874
query_no_works,semantic/usage_both,357,0.33053221288515405,0.4649859943977591,0.5490196078431373,0.6638655462184874
query_no_works,semantic/metadata_candidate,357,0.3473389355742297,0.5350140056022409,0.6218487394957983,0.7170868347338936
query_no_works,semantic/metadata_both,357,0.3473389355742297,0.5350140056022409,0.6218487394957983,0.7170868347338936
query_no_works,semantic/cotags_length_candidate,357,0.226890756302521,0.36134453781512604,0.4369747899159664,0.5434173669467787
query_no_works,semantic/cotags_length_both,357,0.226890756302521,0.36134453781512604,0.4369747899159664,0.5434173669467787
query_no_works,semantic/all_candidate,357,0.17086834733893558,0.27450980392156865,0.32492997198879553,0.43137254901960786
query_no_works,semantic/all_both,357,0.17086834733893558,0.27450980392156865,0.32492997198879553,0.43137254901960786
query_no_works,semantic/cotags_one_work,357,0.20448179271708683,0.32492997198879553,0.39215686274509803,0.49019607843137253
query_no_works,semantic/all_name_anchor,357,0.6302521008403361,0.773109243697479,0.8123249299719888,0.834733893557423
target_has_selected_aliases,lexical/raw,1508,0.46153846153846156,0.5656498673740054,0.6114058355437666,0.666445623342175
target_has_selected_aliases,lexical/global_aliases,1508,0.7088859416445623,0.8236074270557029,0.8507957559681698,0.8806366047745358
target_has_selected_aliases,lexical/selected_aliases,1508,0.6525198938992043,0.7645888594164456,0.7977453580901857,0.8388594164456233
target_has_selected_aliases,semantic/raw,1508,0.5517241379310345,0.6870026525198939,0.7354111405835544,0.7911140583554377
target_has_selected_aliases,semantic/template,1508,0.6259946949602122,0.7539787798408488,0.7931034482758621,0.8315649867374005
target_has_selected_aliases,semantic/aliases,1508,0.40318302387267907,0.6014588859416445,0.6651193633952255,0.7480106100795756
target_has_selected_aliases,semantic/fandom_candidate,1508,0.25596816976127323,0.42108753315649866,0.48408488063660476,0.5915119363395226
target_has_selected_aliases,semantic/fandom_both,1508,0.3050397877984085,0.4562334217506631,0.5145888594164456,0.6160477453580901
target_has_selected_aliases,semantic/cotags_candidate,1508,0.1843501326259947,0.3295755968169761,0.39389920424403185,0.4920424403183024
target_has_selected_aliases,semantic/cotags_both,1508,0.3010610079575597,0.45291777188328913,0.5112732095490716,0.5901856763925729
target_has_selected_aliases,semantic/length_candidate,1508,0.47944297082228116,0.6604774535809018,0.7274535809018567,0.7904509283819628
target_has_selected_aliases,semantic/length_both,1508,0.4230769230769231,0.5855437665782494,0.6525198938992043,0.7314323607427056
target_has_selected_aliases,semantic/usage_candidate,1508,0.3003978779840849,0.46021220159151194,0.5311671087533156,0.6405835543766578
target_has_selected_aliases,semantic/usage_both,1508,0.3176392572944297,0.46949602122015915,0.5517241379310345,0.6452254641909815
target_has_selected_aliases,semantic/metadata_candidate,1508,0.34018567639257297,0.5159151193633952,0.5888594164456233,0.6856763925729443
target_has_selected_aliases,semantic/metadata_both,1508,0.383289124668435,0.5596816976127321,0.6312997347480106,0.7141909814323607
target_has_selected_aliases,semantic/cotags_length_candidate,1508,0.21153846153846154,0.3640583554376658,0.4330238726790451,0.5371352785145889
target_has_selected_aliases,semantic/cotags_length_both,1508,0.3169761273209549,0.46551724137931033,0.5278514588859416,0.6127320954907162
target_has_selected_aliases,semantic/all_candidate,1508,0.15782493368700265,0.28116710875331563,0.3375331564986737,0.4423076923076923
target_has_selected_aliases,semantic/all_both,1508,0.3110079575596817,0.4436339522546419,0.48938992042440316,0.5782493368700266
target_has_selected_aliases,semantic/cotags_one_work,1508,0.2838196286472148,0.393236074270557,0.4343501326259947,0.4907161803713528
target_has_selected_aliases,semantic/all_name_anchor,1508,0.6080901856763926,0.753315649867374,0.7984084880636605,0.846816976127321
target_has_no_selected_aliases,lexical/raw,492,0.6280487804878049,0.7398373983739838,0.7723577235772358,0.8170731707317073
target_has_no_selected_aliases,lexical/global_aliases,492,0.5040650406504065,0.6666666666666666,0.7032520325203252,0.7479674796747967
target_has_no_selected_aliases,lexical/selected_aliases,492,0.508130081300813,0.6686991869918699,0.709349593495935,0.7479674796747967
target_has_no_selected_aliases,semantic/raw,492,0.6829268292682927,0.7947154471544715,0.8292682926829268,0.8658536585365854
target_has_no_selected_aliases,semantic/template,492,0.7113821138211383,0.8313008130081301,0.8536585365853658,0.8882113821138211
target_has_no_selected_aliases,semantic/aliases,492,0.7317073170731707,0.8455284552845529,0.8617886178861789,0.8922764227642277
target_has_no_selected_aliases,semantic/fandom_candidate,492,0.4654471544715447,0.6097560975609756,0.6605691056910569,0.7052845528455285
target_has_no_selected_aliases,semantic/fandom_both,492,0.5589430894308943,0.6727642276422764,0.709349593495935,0.7459349593495935
target_has_no_selected_aliases,semantic/cotags_candidate,492,0.3719512195121951,0.491869918699187,0.5345528455284553,0.6016260162601627
target_has_no_selected_aliases,semantic/cotags_both,492,0.4451219512195122,0.556910569105691,0.5995934959349594,0.6605691056910569
target_has_no_selected_aliases,semantic/length_candidate,492,0.5914634146341463,0.741869918699187,0.7947154471544715,0.8333333333333334
target_has_no_selected_aliases,semantic/length_both,492,0.5772357723577236,0.7215447154471545,0.7642276422764228,0.8048780487804879
target_has_no_selected_aliases,semantic/usage_candidate,492,0.5426829268292683,0.676829268292683,0.7296747967479674,0.774390243902439
target_has_no_selected_aliases,semantic/usage_both,492,0.5548780487804879,0.6747967479674797,0.717479674796748,0.7723577235772358
target_has_no_selected_aliases,semantic/metadata_candidate,492,0.5020325203252033,0.6483739837398373,0.7012195121951219,0.766260162601626
target_has_no_selected_aliases,semantic/metadata_both,492,0.532520325203252,0.6626016260162602,0.7052845528455285,0.7621951219512195
target_has_no_selected_aliases,semantic/cotags_length_candidate,492,0.3800813008130081,0.5182926829268293,0.5670731707317073,0.6239837398373984
target_has_no_selected_aliases,semantic/cotags_length_both,492,0.44715447154471544,0.5752032520325203,0.6158536585365854,0.6788617886178862
target_has_no_selected_aliases,semantic/all_candidate,492,0.3353658536585366,0.4573170731707317,0.5040650406504065,0.5548780487804879
target_has_no_selected_aliases,semantic/all_both,492,0.4247967479674797,0.540650406504065,0.5873983739837398,0.6443089430894309
target_has_no_selected_aliases,semantic/cotags_one_work,492,0.4959349593495935,0.6097560975609756,0.6483739837398373,0.7073170731707317
target_has_no_selected_aliases,semantic/all_name_anchor,492,0.709349593495935,0.8353658536585366,0.8678861788617886,0.8943089430894309
query_has_any_work,lexical/raw,1643,0.5021302495435179,0.6116859403530128,0.6500304321363359,0.7017650639074863
query_has_any_work,lexical/global_aliases,1643,0.6622032866707243,0.790626902008521,0.8186244674376141,0.8533171028606208
query_has_any_work,lexical/selected_aliases,1643,0.6165550821667681,0.743761412051126,0.7784540474741327,0.819841752891053
query_has_any_work,semantic/raw,1643,0.5849056603773585,0.7108947048082775,0.7571515520389531,0.8088861838101035
query_has_any_work,semantic/template,1643,0.6500304321363359,0.772976262933658,0.808277541083384,0.8466220328667072
query_has_any_work,semantic/aliases,1643,0.4838709677419355,0.6622032866707243,0.7121119902617163,0.7821059038344492
query_has_any_work,semantic/fandom_candidate,1643,0.31284236153377964,0.4710894704808278,0.5301278149726111,0.6226415094339622
query_has_any_work,semantic/fandom_both,1643,0.3858794887401096,0.5222154595252587,0.5727328058429701,0.657334144856969
query_has_any_work,semantic/cotags_candidate,1643,0.2361533779671333,0.37918441874619596,0.43639683505782106,0.5252586731588558
query_has_any_work,semantic/cotags_both,1643,0.36518563603164944,0.5118685331710287,0.563603164942179,0.6329884357881923
query_has_any_work,semantic/length_candidate,1643,0.5057821059038344,0.6804625684723068,0.7443700547778455,0.7954960438222763
query_has_any_work,semantic/length_both,1643,0.4497869750456482,0.6055995130858186,0.6664637857577602,0.7328058429701765
query_has_any_work,semantic/usage_candidate,1643,0.36640292148508824,0.524041387705417,0.5867315885575167,0.6755934266585514
query_has_any_work,semantic/usage_both,1643,0.3858794887401096,0.5319537431527693,0.6019476567255021,0.6792452830188679
query_has_any_work,semantic/metadata_candidate,1643,0.3870967741935484,0.5514303104077907,0.6153377967133292,0.7029823493609252
query_has_any_work,semantic/metadata_both,1643,0.43578819233110166,0.595861229458308,0.6555082166768107,0.7279367011564212
query_has_any_work,semantic/cotags_length_candidate,1643,0.25867315885575165,0.4108338405356056,0.4723067559342666,0.5617772367620207
query_has_any_work,semantic/cotags_length_both,1643,0.3755325623858795,0.5209981740718198,0.5739500912964091,0.6475958612294583
query_has_any_work,semantic/all_candidate,1643,0.20815581253804016,0.33536214242239804,0.3901399878271455,0.47839318320146074
query_has_any_work,semantic/all_both,1643,0.3755325623858795,0.5094339622641509,0.5544735240413877,0.6299452221545953
query_has_any_work,semantic/cotags_one_work,1643,0.36457699330493,0.472915398660986,0.5076080340839927,0.5556908094948265
query_has_any_work,semantic/all_name_anchor,1643,0.6335970785149118,0.7735849056603774,0.8161898965307365,0.8636640292148509
query_1_to_2_works,lexical/raw,845,0.5088757396449705,0.6094674556213018,0.6497041420118344,0.7065088757396449
query_1_to_2_works,lexical/global_aliases,845,0.6568047337278107,0.7846153846153846,0.8130177514792899,0.8402366863905325
query_1_to_2_works,lexical/selected_aliases,845,0.621301775147929,0.7526627218934911,0.7775147928994083,0.8130177514792899
query_1_to_2_works,semantic/raw,845,0.578698224852071,0.6994082840236686,0.7467455621301775,0.8059171597633136
query_1_to_2_works,semantic/template,845,0.6366863905325444,0.7538461538461538,0.7928994082840237,0.8307692307692308
query_1_to_2_works,semantic/aliases,845,0.5088757396449705,0.6733727810650888,0.7195266272189349,0.7810650887573964
query_1_to_2_works,semantic/fandom_candidate,845,0.3384615384615385,0.47810650887573963,0.5301775147928994,0.6260355029585799
query_1_to_2_works,semantic/fandom_both,845,0.3763313609467456,0.5088757396449705,0.5621301775147929,0.6556213017751479
query_1_to_2_works,semantic/cotags_candidate,845,0.2650887573964497,0.3952662721893491,0.44733727810650886,0.5289940828402366
query_1_to_2_works,semantic/cotags_both,845,0.3301775147928994,0.46272189349112425,0.5171597633136095,0.5881656804733728
query_1_to_2_works,semantic/length_candidate,845,0.5088757396449705,0.6757396449704142,0.7325443786982249,0.7928994082840237
query_1_to_2_works,semantic/length_both,845,0.5088757396449705,0.6757396449704142,0.7325443786982249,0.7928994082840237
query_1_to_2_works,semantic/usage_candidate,845,0.36923076923076925,0.5183431952662721,0.578698224852071,0.6674556213017752
query_1_to_2_works,semantic/usage_both,845,0.36923076923076925,0.5183431952662721,0.578698224852071,0.6674556213017752
query_1_to_2_works,semantic/metadata_candidate,845,0.3952662721893491,0.5562130177514792,0.6142011834319526,0.6946745562130178
query_1_to_2_works,semantic/metadata_both,845,0.3952662721893491,0.5562130177514792,0.6142011834319526,0.6946745562130178
query_1_to_2_works,semantic/cotags_length_candidate,845,0.28402366863905326,0.42248520710059173,0.4757396449704142,0.5633136094674556
query_1_to_2_works,semantic/cotags_length_both,845,0.3514792899408284,0.4863905325443787,0.5384615384615384,0.6248520710059171
query_1_to_2_works,semantic/all_candidate,845,0.23668639053254437,0.35502958579881655,0.40828402366863903,0.4840236686390533
query_1_to_2_works,semantic/all_both,845,0.30650887573964497,0.4307692307692308,0.47692307692307695,0.5644970414201184
query_1_to_2_works,semantic/cotags_one_work,845,0.40473372781065087,0.5183431952662721,0.5538461538461539,0.6
query_1_to_2_works,semantic/all_name_anchor,845,0.6142011834319526,0.7609467455621302,0.8011834319526627,0.8532544378698225
query_3_to_9_works,lexical/raw,583,0.5025728987993139,0.6192109777015438,0.6569468267581475,0.7032590051457976
query_3_to_9_works,lexical/global_aliases,583,0.6569468267581475,0.7821612349914236,0.8078902229845626,0.8542024013722127
query_3_to_9_works,lexical/selected_aliases,583,0.6106346483704974,0.7272727272727273,0.7650085763293311,0.8181818181818182
query_3_to_9_works,semantic/raw,583,0.5883361921097771,0.7169811320754716,0.7701543739279588,0.8113207547169812
query_3_to_9_works,semantic/template,583,0.6740994854202401,0.7975986277873071,0.8267581475128645,0.8662092624356775
query_3_to_9_works,semantic/aliases,583,0.4614065180102916,0.6500857632933105,0.7015437392795884,0.7821612349914236
query_3_to_9_works,semantic/fandom_candidate,583,0.2950257289879931,0.46826758147512865,0.5351629502572899,0.6174957118353345
query_3_to_9_works,semantic/fandom_both,583,0.411663807890223,0.5574614065180102,0.6037735849056604,0.6723842195540308
query_3_to_9_works,semantic/cotags_candidate,583,0.22298456260720412,0.38421955403087477,0.4425385934819897,0.5283018867924528
query_3_to_9_works,semantic/cotags_both,583,0.41337907375643224,0.5831903945111492,0.6295025728987993,0.6981132075471698
query_3_to_9_works,semantic/length_candidate,583,0.5094339622641509,0.6878216123499142,0.7478559176672385,0.7941680960548885
query_3_to_9_works,semantic/length_both,583,0.39451114922813035,0.5351629502572899,0.5969125214408233,0.6655231560891939
query_3_to_9_works,semantic/usage_candidate,583,0.3687821612349914,0.5368782161234992,0.5951972555746141,0.6775300171526587
query_3_to_9_works,semantic/usage_both,583,0.41337907375643224,0.5454545454545454,0.6209262435677531,0.6861063464837049
query_3_to_9_works,semantic/metadata_candidate,583,0.3876500857632933,0.5574614065180102,0.6174957118353345,0.7049742710120068
query_3_to_9_works,semantic/metadata_both,583,0.47684391080617494,0.6346483704974271,0.6946826758147513,0.7547169811320755
query_3_to_9_works,semantic/cotags_length_candidate,583,0.24356775300171526,0.41337907375643224,0.48198970840480276,0.5643224699828473
query_3_to_9_works,semantic/cotags_length_both,583,0.39622641509433965,0.5626072041166381,0.6174957118353345,0.6775300171526587
query_3_to_9_works,semantic/all_candidate,583,0.1835334476843911,0.3361921097770154,0.39451114922813035,0.48713550600343053
query_3_to_9_works,semantic/all_both,583,0.4528301886792453,0.6072041166380789,0.6466552315608919,0.7049742710120068
query_3_to_9_works,semantic/cotags_one_work,583,0.3361921097770154,0.44596912521440824,0.48027444253859347,0.5351629502572899
query_3_to_9_works,semantic/all_name_anchor,583,0.6483704974271012,0.7838765008576329,0.8370497427101201,0.8782161234991424
query_at_least_10_works,lexical/raw,215,0.4744186046511628,0.6,0.6325581395348837,0.6790697674418604
query_at_least_10_works,lexical/global_aliases,215,0.6976744186046512,0.8372093023255814,0.8697674418604651,0.9023255813953488
query_at_least_10_works,lexical/selected_aliases,215,0.6139534883720931,0.7534883720930232,0.8186046511627907,0.8511627906976744
query_at_least_10_works,semantic/raw,215,0.6,0.7395348837209302,0.7627906976744186,0.813953488372093
query_at_least_10_works,semantic/template,215,0.6372093023255814,0.7813953488372093,0.8186046511627907,0.8558139534883721
query_at_least_10_works,semantic/aliases,215,0.44651162790697674,0.6511627906976745,0.7116279069767442,0.786046511627907
query_at_least_10_works,semantic/fandom_candidate,215,0.26046511627906976,0.4511627906976744,0.5162790697674419,0.6232558139534884
query_at_least_10_works,semantic/fandom_both,215,0.35348837209302325,0.4790697674418605,0.5302325581395348,0.6232558139534884
query_at_least_10_works,semantic/cotags_candidate,215,0.15813953488372093,0.3023255813953488,0.3767441860465116,0.5023255813953489
query_at_least_10_works,semantic/cotags_both,215,0.37209302325581395,0.5116279069767442,0.5674418604651162,0.6325581395348837
query_at_least_10_works,semantic/length_candidate,215,0.48372093023255813,0.6790697674418604,0.7813953488372093,0.8093023255813954
query_at_least_10_works,semantic/length_both,215,0.3674418604651163,0.5209302325581395,0.5953488372093023,0.6790697674418604
query_at_least_10_works,semantic/usage_candidate,215,0.3488372093023256,0.5116279069767442,0.5953488372093023,0.7023255813953488
query_at_least_10_works,semantic/usage_both,215,0.3767441860465116,0.5488372093023256,0.641860465116279,0.7069767441860465
query_at_least_10_works,semantic/metadata_candidate,215,0.35348837209302325,0.5162790697674419,0.6139534883720931,0.7302325581395349
query_at_least_10_works,semantic/metadata_both,215,0.48372093023255813,0.6465116279069767,0.7116279069767442,0.786046511627907
query_at_least_10_works,semantic/cotags_length_candidate,215,0.2,0.3581395348837209,0.4325581395348837,0.5488372093023256
query_at_least_10_works,semantic/cotags_length_both,215,0.413953488372093,0.5441860465116279,0.5953488372093023,0.6558139534883721
query_at_least_10_works,semantic/all_candidate,215,0.16279069767441862,0.2558139534883721,0.30697674418604654,0.4325581395348837
query_at_least_10_works,semantic/all_both,215,0.4372093023255814,0.5534883720930233,0.6093023255813953,0.6837209302325581
query_at_least_10_works,semantic/cotags_one_work,215,0.2837209302325581,0.3674418604651163,0.4,0.4372093023255814
query_at_least_10_works,semantic/all_name_anchor,215,0.6697674418604651,0.7953488372093023,0.8186046511627907,0.8651162790697674
both_sides_at_least_3_works,lexical/raw,743,0.4858681022880215,0.6056527590847914,0.6433378196500673,0.6904441453566622
both_sides_at_least_3_works,lexical/global_aliases,743,0.6783310901749664,0.8075370121130552,0.8358008075370121,0.8775235531628532
both_sides_at_least_3_works,lexical/selected_aliases,743,0.6177658142664872,0.7402422611036339,0.7873485868102288,0.8344549125168237
both_sides_at_least_3_works,semantic/raw,743,0.5881561238223418,0.721399730820996,0.7698519515477793,0.8102288021534321
both_sides_at_least_3_works,semantic/template,743,0.6662180349932705,0.7954239569313594,0.8277254374158816,0.8654104979811574
both_sides_at_least_3_works,semantic/aliases,743,0.4468371467025572,0.6419919246298789,0.6971736204576043,0.7792732166890982
both_sides_at_least_3_works,semantic/fandom_candidate,743,0.26244952893674295,0.43741588156123823,0.5074024226110363,0.6016150740242261
both_sides_at_least_3_works,semantic/fandom_both,743,0.39569313593539707,0.5383580080753702,0.5881561238223418,0.6675639300134589
both_sides_at_least_3_works,semantic/cotags_candidate,743,0.17765814266487215,0.33243606998654107,0.39703903095558546,0.4993270524899058
both_sides_at_least_3_works,semantic/cotags_both,743,0.41318977119784656,0.5773889636608345,0.6271870794078062,0.6958277254374159
both_sides_at_least_3_works,semantic/length_candidate,743,0.48855989232839836,0.6756393001345895,0.7510094212651414,0.7940780619111709
both_sides_at_least_3_works,semantic/length_both,743,0.4064602960969044,0.5558546433378196,0.6191117092866757,0.6958277254374159
both_sides_at_least_3_works,semantic/usage_candidate,743,0.3391655450874832,0.5074024226110363,0.5773889636608345,0.6716016150740243
both_sides_at_least_3_works,semantic/usage_both,743,0.4226110363391655,0.5693135935397039,0.648721399730821,0.7119784656796769
both_sides_at_least_3_works,semantic/metadata_candidate,743,0.3553162853297443,0.5248990578734859,0.6002691790040376,0.7012113055181696
both_sides_at_least_3_works,semantic/metadata_both,743,0.5020188425302826,0.6689098250336474,0.7321668909825033,0.7954239569313594
both_sides_at_least_3_works,semantic/cotags_length_candidate,743,0.20592193808882908,0.3714670255720054,0.44414535666218036,0.5410497981157469
both_sides_at_least_3_works,semantic/cotags_length_both,743,0.42126514131897713,0.5773889636608345,0.6312247644683715,0.6904441453566622
both_sides_at_least_3_works,semantic/all_candidate,743,0.1480484522207268,0.2812920592193809,0.3391655450874832,0.4468371467025572
both_sides_at_least_3_works,semantic/all_both,743,0.47644683714670255,0.6271870794078062,0.6662180349932705,0.7281292059219381
both_sides_at_least_3_works,semantic/cotags_one_work,743,0.3243606998654105,0.4266487213997308,0.4616419919246299,0.5100942126514132
both_sides_at_least_3_works,semantic/all_name_anchor,743,0.6554508748317631,0.7886944818304172,0.8358008075370121,0.8775235531628532
non_ascii,lexical/raw,34,0.17647058823529413,0.17647058823529413,0.20588235294117646,0.23529411764705882
non_ascii,lexical/global_aliases,34,0.20588235294117646,0.23529411764705882,0.29411764705882354,0.29411764705882354
non_ascii,lexical/selected_aliases,34,0.20588235294117646,0.20588235294117646,0.23529411764705882,0.29411764705882354
non_ascii,semantic/raw,34,0.35294117647058826,0.5294117647058824,0.5882352941176471,0.5882352941176471
non_ascii,semantic/template,34,0.38235294117647056,0.5294117647058824,0.6176470588235294,0.6176470588235294
non_ascii,semantic/aliases,34,0.20588235294117646,0.35294117647058826,0.4117647058823529,0.4411764705882353
non_ascii,semantic/fandom_candidate,34,0.11764705882352941,0.14705882352941177,0.14705882352941177,0.20588235294117646
non_ascii,semantic/fandom_both,34,0.14705882352941177,0.17647058823529413,0.17647058823529413,0.23529411764705882
non_ascii,semantic/cotags_candidate,34,0.058823529411764705,0.08823529411764706,0.08823529411764706,0.17647058823529413
non_ascii,semantic/cotags_both,34,0.08823529411764706,0.14705882352941177,0.14705882352941177,0.20588235294117646
non_ascii,semantic/length_candidate,34,0.20588235294117646,0.3235294117647059,0.4411764705882353,0.5294117647058824
non_ascii,semantic/length_both,34,0.20588235294117646,0.2647058823529412,0.38235294117647056,0.4411764705882353
non_ascii,semantic/usage_candidate,34,0.14705882352941177,0.29411764705882354,0.3235294117647059,0.4117647058823529
non_ascii,semantic/usage_both,34,0.14705882352941177,0.2647058823529412,0.29411764705882354,0.38235294117647056
non_ascii,semantic/metadata_candidate,34,0.11764705882352941,0.23529411764705882,0.3235294117647059,0.4411764705882353
non_ascii,semantic/metadata_both,34,0.11764705882352941,0.23529411764705882,0.29411764705882354,0.4411764705882353
non_ascii,semantic/cotags_length_candidate,34,0.058823529411764705,0.08823529411764706,0.11764705882352941,0.20588235294117646
non_ascii,semantic/cotags_length_both,34,0.08823529411764706,0.14705882352941177,0.17647058823529413,0.20588235294117646
non_ascii,semantic/all_candidate,34,0.029411764705882353,0.029411764705882353,0.058823529411764705,0.058823529411764705
non_ascii,semantic/all_both,34,0.058823529411764705,0.08823529411764706,0.11764705882352941,0.11764705882352941
non_ascii,semantic/cotags_one_work,34,0.08823529411764706,0.14705882352941177,0.14705882352941177,0.17647058823529413
non_ascii,semantic/all_name_anchor,34,0.38235294117647056,0.6176470588235294,0.6176470588235294,0.6176470588235294
query_has_fandom_text,lexical/raw,778,0.4922879177377892,0.62853470437018,0.6722365038560412,0.7095115681233933
query_has_fandom_text,lexical/global_aliases,778,0.6542416452442159,0.7763496143958869,0.8097686375321337,0.8521850899742931
query_has_fandom_text,lexical/selected_aliases,778,0.6233933161953727,0.7455012853470437,0.7917737789203085,0.8290488431876607
query_has_fandom_text,semantic/raw,778,0.5796915167095116,0.705655526992288,0.7519280205655527,0.7969151670951157
query_has_fandom_text,semantic/template,778,0.6323907455012854,0.7622107969151671,0.7982005141388174,0.8329048843187661
query_has_fandom_text,semantic/aliases,778,0.506426735218509,0.6838046272493573,0.7236503856041131,0.787917737789203
query_has_fandom_text,semantic/fandom_candidate,778,0.32005141388174807,0.4948586118251928,0.5578406169665809,0.6336760925449871
query_has_fandom_text,semantic/fandom_both,778,0.47429305912596403,0.602827763496144,0.6478149100257069,0.7069408740359897
query_has_fandom_text,semantic/cotags_candidate,778,0.2262210796915167,0.38303341902313626,0.4434447300771208,0.5347043701799485
query_has_fandom_text,semantic/cotags_both,778,0.4794344473007712,0.6246786632390745,0.6748071979434447,0.7197943444730077
query_has_fandom_text,semantic/length_candidate,778,0.5012853470437018,0.6812339331619537,0.7455012853470437,0.7789203084832905
query_has_fandom_text,semantic/length_both,778,0.45629820051413883,0.5886889460154242,0.6388174807197944,0.6902313624678663
query_has_fandom_text,semantic/usage_candidate,778,0.35475578406169667,0.5141388174807198,0.5822622107969152,0.6658097686375322
query_has_fandom_text,semantic/usage_both,778,0.42159383033419023,0.5604113110539846,0.6195372750642674,0.6786632390745502
query_has_fandom_text,semantic/metadata_candidate,778,0.36118251928020567,0.5347043701799485,0.5989717223650386,0.6928020565552699
query_has_fandom_text,semantic/metadata_both,778,0.4730077120822622,0.6105398457583547,0.6580976863753213,0.7223650385604113
query_has_fandom_text,semantic/cotags_length_candidate,778,0.2480719794344473,0.41516709511568123,0.4820051413881748,0.5591259640102828
query_has_fandom_text,semantic/cotags_length_both,778,0.493573264781491,0.6323907455012854,0.6773778920308483,0.7287917737789203
query_has_fandom_text,semantic/all_candidate,778,0.19408740359897173,0.3341902313624679,0.38817480719794345,0.4781491002570694
query_has_fandom_text,semantic/all_both,778,0.4910025706940874,0.6246786632390745,0.6632390745501285,0.7300771208226221
query_has_fandom_text,semantic/cotags_one_work,778,0.44601542416452444,0.5732647814910026,0.609254498714653,0.6580976863753213
query_has_fandom_text,semantic/all_name_anchor,778,0.6516709511568124,0.781491002570694,0.8226221079691517,0.8663239074550129
both_sides_have_fandom_text,lexical/raw,698,0.48424068767908307,0.6232091690544412,0.667621776504298,0.7048710601719198
both_sides_have_fandom_text,lexical/global_aliases,698,0.673352435530086,0.7951289398280802,0.828080229226361,0.8681948424068768
both_sides_have_fandom_text,lexical/selected_aliases,698,0.6404011461318052,0.7607449856733525,0.8094555873925502,0.8424068767908309
both_sides_have_fandom_text,semantic/raw,698,0.5845272206303725,0.7077363896848138,0.7521489971346705,0.7951289398280802
both_sides_have_fandom_text,semantic/template,698,0.6346704871060171,0.7636103151862464,0.7994269340974212,0.833810888252149
both_sides_have_fandom_text,semantic/aliases,698,0.498567335243553,0.6790830945558739,0.7177650429799427,0.7865329512893983
both_sides_have_fandom_text,semantic/fandom_candidate,698,0.2793696275071633,0.4584527220630373,0.5272206303724928,0.6117478510028653
both_sides_have_fandom_text,semantic/fandom_both,698,0.501432664756447,0.6275071633237822,0.673352435530086,0.7335243553008596
both_sides_have_fandom_text,semantic/cotags_candidate,698,0.17478510028653296,0.335243553008596,0.40114613180515757,0.501432664756447
both_sides_have_fandom_text,semantic/cotags_both,698,0.5171919770773639,0.666189111747851,0.7163323782234957,0.7593123209169055
both_sides_have_fandom_text,semantic/length_candidate,698,0.4785100286532951,0.667621776504298,0.7378223495702005,0.7736389684813754
both_sides_have_fandom_text,semantic/length_both,698,0.46418338108882523,0.6045845272206304,0.6518624641833811,0.7077363896848138
both_sides_have_fandom_text,semantic/usage_candidate,698,0.31805157593123207,0.4813753581661891,0.5573065902578797,0.6489971346704871
both_sides_have_fandom_text,semantic/usage_both,698,0.4269340974212034,0.5716332378223495,0.6318051575931232,0.6919770773638968
both_sides_have_fandom_text,semantic/metadata_candidate,698,0.32521489971346706,0.504297994269341,0.5744985673352435,0.6776504297994269
both_sides_have_fandom_text,semantic/metadata_both,698,0.48424068767908307,0.6260744985673352,0.6762177650429799,0.7435530085959885
both_sides_have_fandom_text,semantic/cotags_length_candidate,698,0.1991404011461318,0.36962750716332377,0.44269340974212035,0.5286532951289399
both_sides_have_fandom_text,semantic/cotags_length_both,698,0.5343839541547278,0.6747851002865329,0.7206303724928367,0.7693409742120344
both_sides_have_fandom_text,semantic/all_candidate,698,0.13896848137535817,0.2822349570200573,0.33810888252148996,0.4383954154727794
both_sides_have_fandom_text,semantic/all_both,698,0.5343839541547278,0.670487106017192,0.7063037249283668,0.7679083094555874
both_sides_have_fandom_text,semantic/cotags_one_work,698,0.4799426934097421,0.6117478510028653,0.6475644699140402,0.6905444126074498
both_sides_have_fandom_text,semantic/all_name_anchor,698,0.6561604584527221,0.7836676217765043,0.826647564469914,0.8710601719197708
query_has_cotags_text,lexical/raw,949,0.4952581664910432,0.6238145416227608,0.6649104320337197,0.7007376185458377
query_has_cotags_text,lexical/global_aliases,949,0.6628029504741834,0.7818756585879874,0.8124341412012644,0.8514225500526871
query_has_cotags_text,lexical/selected_aliases,949,0.6227608008429927,0.7397260273972602,0.7808219178082192,0.8208640674394099
query_has_cotags_text,semantic/raw,949,0.5763962065331928,0.702845100105374,0.7513171759747103,0.79768177028451
query_has_cotags_text,semantic/template,949,0.6417281348788199,0.7734457323498419,0.8082191780821918,0.8429926238145417
query_has_cotags_text,semantic/aliases,949,0.48998946259220233,0.6743940990516333,0.7197049525816649,0.78609062170706
query_has_cotags_text,semantic/fandom_candidate,949,0.3224446786090622,0.4952581664910432,0.553213909378293,0.6364594309799789
query_has_cotags_text,semantic/fandom_both,949,0.4488935721812434,0.58377239199157,0.6269757639620653,0.6965226554267651
query_has_cotags_text,semantic/cotags_candidate,949,0.22866174920969443,0.3856691253951528,0.4457323498419389,0.5363540569020021
query_has_cotags_text,semantic/cotags_both,949,0.4520547945205479,0.6153846153846154,0.6659641728134879,0.7228661749209695
query_has_cotags_text,semantic/length_candidate,949,0.5152792413066386,0.6870389884088515,0.7544783983140148,0.7871443624868283
query_has_cotags_text,semantic/length_both,949,0.44257112750263433,0.5806111696522656,0.6375131717597471,0.6923076923076923
query_has_cotags_text,semantic/usage_candidate,949,0.3656480505795574,0.5331928345626976,0.5995785036880927,0.6807165437302424
query_has_cotags_text,semantic/usage_both,949,0.4077976817702845,0.5574288724973656,0.6238145416227608,0.6859852476290832
query_has_cotags_text,semantic/metadata_candidate,949,0.3804004214963119,0.5500526870389885,0.6122233930453108,0.702845100105374
query_has_cotags_text,semantic/metadata_both,949,0.46680716543730244,0.6206533192834562,0.6754478398314014,0.7376185458377239
query_has_cotags_text,semantic/cotags_length_candidate,949,0.25395152792413067,0.4204425711275026,0.48366701791359323,0.5679662802950474
query_has_cotags_text,semantic/cotags_length_both,949,0.45521601685985247,0.6153846153846154,0.6649104320337197,0.7249736564805058
query_has_cotags_text,semantic/all_candidate,949,0.19915700737618547,0.3361433087460485,0.39199157007376184,0.48261327713382507
query_has_cotags_text,semantic/all_both,949,0.4678609062170706,0.6164383561643836,0.660695468914647,0.7344573234984194
query_has_cotags_text,semantic/cotags_one_work,949,0.38461538461538464,0.5068493150684932,0.5437302423603794,0.5922023182297155
query_has_cotags_text,semantic/all_name_anchor,949,0.6438356164383562,0.7766069546891464,0.821917808219178,0.8682824025289779
both_sides_have_cotags_text,lexical/raw,866,0.4884526558891455,0.6166281755196305,0.6593533487297921,0.6951501154734411
both_sides_have_cotags_text,lexical/global_aliases,866,0.6801385681293303,0.7979214780600462,0.8279445727482679,0.8648960739030023
both_sides_have_cotags_text,lexical/selected_aliases,866,0.6362586605080831,0.7505773672055427,0.7933025404157044,0.8314087759815243
both_sides_have_cotags_text,semantic/raw,866,0.5796766743648961,0.7066974595842956,0.754041570438799,0.7979214780600462
both_sides_have_cotags_text,semantic/template,866,0.6443418013856813,0.7748267898383372,0.8094688221709007,0.8429561200923787
both_sides_have_cotags_text,semantic/aliases,866,0.4792147806004619,0.6662817551963048,0.7113163972286374,0.7806004618937644
both_sides_have_cotags_text,semantic/fandom_candidate,866,0.2840646651270208,0.4618937644341801,0.5242494226327945,0.6154734411085451
both_sides_have_cotags_text,semantic/fandom_both,866,0.45958429561200925,0.5958429561200924,0.6397228637413395,0.7124711316397229
both_sides_have_cotags_text,semantic/cotags_candidate,866,0.18013856812933027,0.3418013856812933,0.4064665127020785,0.5057736720554272
both_sides_have_cotags_text,semantic/cotags_both,866,0.4780600461893764,0.6454965357967667,0.6963048498845266,0.7517321016166282
both_sides_have_cotags_text,semantic/length_candidate,866,0.4942263279445728,0.6732101616628176,0.745958429561201,0.7806004618937644
both_sides_have_cotags_text,semantic/length_both,866,0.4445727482678984,0.5889145496535797,0.6454965357967667,0.7043879907621247
both_sides_have_cotags_text,semantic/usage_candidate,866,0.3302540415704388,0.5034642032332564,0.5762124711316398,0.663972286374134
both_sides_have_cotags_text,semantic/usage_both,866,0.4064665127020785,0.5623556581986143,0.6316397228637414,0.6939953810623557
both_sides_have_cotags_text,semantic/metadata_candidate,866,0.3464203233256351,0.5219399538106235,0.5900692840646651,0.6882217090069284
both_sides_have_cotags_text,semantic/metadata_both,866,0.46882217090069284,0.6316397228637414,0.6893764434180139,0.754041570438799
both_sides_have_cotags_text,semantic/cotags_length_candidate,866,0.20785219399538107,0.37990762124711314,0.44803695150115475,0.5404157043879908
both_sides_have_cotags_text,semantic/cotags_length_both,866,0.4838337182448037,0.6478060046189377,0.6974595842956121,0.7551963048498845
both_sides_have_cotags_text,semantic/all_candidate,866,0.14780600461893764,0.28752886836027713,0.34757505773672054,0.4468822170900693
both_sides_have_cotags_text,semantic/all_both,866,0.5,0.651270207852194,0.6939953810623557,0.7655889145496536
both_sides_have_cotags_text,semantic/cotags_one_work,866,0.4064665127020785,0.5323325635103926,0.569284064665127,0.6120092378752887
both_sides_have_cotags_text,semantic/all_name_anchor,866,0.6454965357967667,0.7794457274826789,0.825635103926097,0.871824480369515
query_has_length_text,lexical/raw,798,0.4949874686716792,0.6140350877192983,0.650375939849624,0.6967418546365914
query_has_length_text,lexical/global_aliases,798,0.6679197994987469,0.7969924812030075,0.8245614035087719,0.8671679197994987
query_has_length_text,lexical/selected_aliases,798,0.6115288220551378,0.7343358395989975,0.7794486215538847,0.8270676691729323
query_has_length_text,semantic/raw,798,0.5914786967418546,0.7230576441102757,0.768170426065163,0.8120300751879699
query_has_length_text,semantic/template,798,0.6641604010025063,0.793233082706767,0.8245614035087719,0.8634085213032582
query_has_length_text,semantic/aliases,798,0.4573934837092732,0.650375939849624,0.7042606516290727,0.7832080200501254
query_has_length_text,semantic/fandom_candidate,798,0.2857142857142857,0.46365914786967416,0.5300751879699248,0.6190476190476191
query_has_length_text,semantic/fandom_both,798,0.39598997493734334,0.5363408521303258,0.5839598997493735,0.6591478696741855
query_has_length_text,semantic/cotags_candidate,798,0.20551378446115287,0.36215538847117795,0.424812030075188,0.5213032581453634
query_has_length_text,semantic/cotags_both,798,0.40225563909774437,0.5639097744360902,0.6127819548872181,0.6804511278195489
query_has_length_text,semantic/length_candidate,798,0.5025062656641605,0.6854636591478697,0.7568922305764411,0.7982456140350878
query_has_length_text,semantic/length_both,798,0.38721804511278196,0.531328320802005,0.5964912280701754,0.6691729323308271
query_has_length_text,semantic/usage_candidate,798,0.3634085213032581,0.5300751879699248,0.5952380952380952,0.6842105263157895
query_has_length_text,semantic/usage_both,798,0.40350877192982454,0.5463659147869674,0.6265664160401002,0.6917293233082706
query_has_length_text,semantic/metadata_candidate,798,0.37844611528822053,0.5463659147869674,0.6165413533834586,0.7117794486215538
query_has_length_text,semantic/metadata_both,798,0.47869674185463656,0.6378446115288221,0.6992481203007519,0.7631578947368421
query_has_length_text,semantic/cotags_length_candidate,798,0.23182957393483708,0.39849624060150374,0.46867167919799496,0.5601503759398496
query_has_length_text,semantic/cotags_length_both,798,0.40100250626566414,0.5576441102756893,0.6115288220551378,0.6716791979949874
query_has_length_text,semantic/all_candidate,798,0.17794486215538846,0.31453634085213034,0.37092731829573933,0.4724310776942356
query_has_length_text,semantic/all_both,798,0.44862155388471175,0.5927318295739349,0.6365914786967418,0.6992481203007519
query_has_length_text,semantic/cotags_one_work,798,0.32205513784461154,0.424812030075188,0.45864661654135336,0.5087719298245614
query_has_length_text,semantic/all_name_anchor,798,0.6541353383458647,0.7869674185463659,0.8320802005012531,0.87468671679198
both_sides_have_length_text,lexical/raw,743,0.4858681022880215,0.6056527590847914,0.6433378196500673,0.6904441453566622
both_sides_have_length_text,lexical/global_aliases,743,0.6783310901749664,0.8075370121130552,0.8358008075370121,0.8775235531628532
both_sides_have_length_text,lexical/selected_aliases,743,0.6177658142664872,0.7402422611036339,0.7873485868102288,0.8344549125168237
both_sides_have_length_text,semantic/raw,743,0.5881561238223418,0.721399730820996,0.7698519515477793,0.8102288021534321
both_sides_have_length_text,semantic/template,743,0.6662180349932705,0.7954239569313594,0.8277254374158816,0.8654104979811574
both_sides_have_length_text,semantic/aliases,743,0.4468371467025572,0.6419919246298789,0.6971736204576043,0.7792732166890982
both_sides_have_length_text,semantic/fandom_candidate,743,0.26244952893674295,0.43741588156123823,0.5074024226110363,0.6016150740242261
both_sides_have_length_text,semantic/fandom_both,743,0.39569313593539707,0.5383580080753702,0.5881561238223418,0.6675639300134589
both_sides_have_length_text,semantic/cotags_candidate,743,0.17765814266487215,0.33243606998654107,0.39703903095558546,0.4993270524899058
both_sides_have_length_text,semantic/cotags_both,743,0.41318977119784656,0.5773889636608345,0.6271870794078062,0.6958277254374159
both_sides_have_length_text,semantic/length_candidate,743,0.48855989232839836,0.6756393001345895,0.7510094212651414,0.7940780619111709
both_sides_have_length_text,semantic/length_both,743,0.4064602960969044,0.5558546433378196,0.6191117092866757,0.6958277254374159
both_sides_have_length_text,semantic/usage_candidate,743,0.3391655450874832,0.5074024226110363,0.5773889636608345,0.6716016150740243
both_sides_have_length_text,semantic/usage_both,743,0.4226110363391655,0.5693135935397039,0.648721399730821,0.7119784656796769
both_sides_have_length_text,semantic/metadata_candidate,743,0.3553162853297443,0.5248990578734859,0.6002691790040376,0.7012113055181696
both_sides_have_length_text,semantic/metadata_both,743,0.5020188425302826,0.6689098250336474,0.7321668909825033,0.7954239569313594
both_sides_have_length_text,semantic/cotags_length_candidate,743,0.20592193808882908,0.3714670255720054,0.44414535666218036,0.5410497981157469
both_sides_have_length_text,semantic/cotags_length_both,743,0.42126514131897713,0.5773889636608345,0.6312247644683715,0.6904441453566622
both_sides_have_length_text,semantic/all_candidate,743,0.1480484522207268,0.2812920592193809,0.3391655450874832,0.4468371467025572
both_sides_have_length_text,semantic/all_both,743,0.47644683714670255,0.6271870794078062,0.6662180349932705,0.7281292059219381
both_sides_have_length_text,semantic/cotags_one_work,743,0.3243606998654105,0.4266487213997308,0.4616419919246299,0.5100942126514132
both_sides_have_length_text,semantic/all_name_anchor,743,0.6554508748317631,0.7886944818304172,0.8358008075370121,0.8775235531628532
query_has_usage_text,lexical/raw,798,0.4949874686716792,0.6140350877192983,0.650375939849624,0.6967418546365914
query_has_usage_text,lexical/global_aliases,798,0.6679197994987469,0.7969924812030075,0.8245614035087719,0.8671679197994987
query_has_usage_text,lexical/selected_aliases,798,0.6115288220551378,0.7343358395989975,0.7794486215538847,0.8270676691729323
query_has_usage_text,semantic/raw,798,0.5914786967418546,0.7230576441102757,0.768170426065163,0.8120300751879699
query_has_usage_text,semantic/template,798,0.6641604010025063,0.793233082706767,0.8245614035087719,0.8634085213032582
query_has_usage_text,semantic/aliases,798,0.4573934837092732,0.650375939849624,0.7042606516290727,0.7832080200501254
query_has_usage_text,semantic/fandom_candidate,798,0.2857142857142857,0.46365914786967416,0.5300751879699248,0.6190476190476191
query_has_usage_text,semantic/fandom_both,798,0.39598997493734334,0.5363408521303258,0.5839598997493735,0.6591478696741855
query_has_usage_text,semantic/cotags_candidate,798,0.20551378446115287,0.36215538847117795,0.424812030075188,0.5213032581453634
query_has_usage_text,semantic/cotags_both,798,0.40225563909774437,0.5639097744360902,0.6127819548872181,0.6804511278195489
query_has_usage_text,semantic/length_candidate,798,0.5025062656641605,0.6854636591478697,0.7568922305764411,0.7982456140350878
query_has_usage_text,semantic/length_both,798,0.38721804511278196,0.531328320802005,0.5964912280701754,0.6691729323308271
query_has_usage_text,semantic/usage_candidate,798,0.3634085213032581,0.5300751879699248,0.5952380952380952,0.6842105263157895
query_has_usage_text,semantic/usage_both,798,0.40350877192982454,0.5463659147869674,0.6265664160401002,0.6917293233082706
query_has_usage_text,semantic/metadata_candidate,798,0.37844611528822053,0.5463659147869674,0.6165413533834586,0.7117794486215538
query_has_usage_text,semantic/metadata_both,798,0.47869674185463656,0.6378446115288221,0.6992481203007519,0.7631578947368421
query_has_usage_text,semantic/cotags_length_candidate,798,0.23182957393483708,0.39849624060150374,0.46867167919799496,0.5601503759398496
query_has_usage_text,semantic/cotags_length_both,798,0.40100250626566414,0.5576441102756893,0.6115288220551378,0.6716791979949874
query_has_usage_text,semantic/all_candidate,798,0.17794486215538846,0.31453634085213034,0.37092731829573933,0.4724310776942356
query_has_usage_text,semantic/all_both,798,0.44862155388471175,0.5927318295739349,0.6365914786967418,0.6992481203007519
query_has_usage_text,semantic/cotags_one_work,798,0.32205513784461154,0.424812030075188,0.45864661654135336,0.5087719298245614
query_has_usage_text,semantic/all_name_anchor,798,0.6541353383458647,0.7869674185463659,0.8320802005012531,0.87468671679198
both_sides_have_usage_text,lexical/raw,743,0.4858681022880215,0.6056527590847914,0.6433378196500673,0.6904441453566622
both_sides_have_usage_text,lexical/global_aliases,743,0.6783310901749664,0.8075370121130552,0.8358008075370121,0.8775235531628532
both_sides_have_usage_text,lexical/selected_aliases,743,0.6177658142664872,0.7402422611036339,0.7873485868102288,0.8344549125168237
both_sides_have_usage_text,semantic/raw,743,0.5881561238223418,0.721399730820996,0.7698519515477793,0.8102288021534321
both_sides_have_usage_text,semantic/template,743,0.6662180349932705,0.7954239569313594,0.8277254374158816,0.8654104979811574
both_sides_have_usage_text,semantic/aliases,743,0.4468371467025572,0.6419919246298789,0.6971736204576043,0.7792732166890982
both_sides_have_usage_text,semantic/fandom_candidate,743,0.26244952893674295,0.43741588156123823,0.5074024226110363,0.6016150740242261
both_sides_have_usage_text,semantic/fandom_both,743,0.39569313593539707,0.5383580080753702,0.5881561238223418,0.6675639300134589
both_sides_have_usage_text,semantic/cotags_candidate,743,0.17765814266487215,0.33243606998654107,0.39703903095558546,0.4993270524899058
both_sides_have_usage_text,semantic/cotags_both,743,0.41318977119784656,0.5773889636608345,0.6271870794078062,0.6958277254374159
both_sides_have_usage_text,semantic/length_candidate,743,0.48855989232839836,0.6756393001345895,0.7510094212651414,0.7940780619111709
both_sides_have_usage_text,semantic/length_both,743,0.4064602960969044,0.5558546433378196,0.6191117092866757,0.6958277254374159
both_sides_have_usage_text,semantic/usage_candidate,743,0.3391655450874832,0.5074024226110363,0.5773889636608345,0.6716016150740243
both_sides_have_usage_text,semantic/usage_both,743,0.4226110363391655,0.5693135935397039,0.648721399730821,0.7119784656796769
both_sides_have_usage_text,semantic/metadata_candidate,743,0.3553162853297443,0.5248990578734859,0.6002691790040376,0.7012113055181696
both_sides_have_usage_text,semantic/metadata_both,743,0.5020188425302826,0.6689098250336474,0.7321668909825033,0.7954239569313594
both_sides_have_usage_text,semantic/cotags_length_candidate,743,0.20592193808882908,0.3714670255720054,0.44414535666218036,0.5410497981157469
both_sides_have_usage_text,semantic/cotags_length_both,743,0.42126514131897713,0.5773889636608345,0.6312247644683715,0.6904441453566622
both_sides_have_usage_text,semantic/all_candidate,743,0.1480484522207268,0.2812920592193809,0.3391655450874832,0.4468371467025572
both_sides_have_usage_text,semantic/all_both,743,0.47644683714670255,0.6271870794078062,0.6662180349932705,0.7281292059219381
both_sides_have_usage_text,semantic/cotags_one_work,743,0.3243606998654105,0.4266487213997308,0.4616419919246299,0.5100942126514132
both_sides_have_usage_text,semantic/all_name_anchor,743,0.6554508748317631,0.7886944818304172,0.8358008075370121,0.8775235531628532
query_has_metadata_text,lexical/raw,798,0.4949874686716792,0.6140350877192983,0.650375939849624,0.6967418546365914
query_has_metadata_text,lexical/global_aliases,798,0.6679197994987469,0.7969924812030075,0.8245614035087719,0.8671679197994987
query_has_metadata_text,lexical/selected_aliases,798,0.6115288220551378,0.7343358395989975,0.7794486215538847,0.8270676691729323
query_has_metadata_text,semantic/raw,798,0.5914786967418546,0.7230576441102757,0.768170426065163,0.8120300751879699
query_has_metadata_text,semantic/template,798,0.6641604010025063,0.793233082706767,0.8245614035087719,0.8634085213032582
query_has_metadata_text,semantic/aliases,798,0.4573934837092732,0.650375939849624,0.7042606516290727,0.7832080200501254
query_has_metadata_text,semantic/fandom_candidate,798,0.2857142857142857,0.46365914786967416,0.5300751879699248,0.6190476190476191
query_has_metadata_text,semantic/fandom_both,798,0.39598997493734334,0.5363408521303258,0.5839598997493735,0.6591478696741855
query_has_metadata_text,semantic/cotags_candidate,798,0.20551378446115287,0.36215538847117795,0.424812030075188,0.5213032581453634
query_has_metadata_text,semantic/cotags_both,798,0.40225563909774437,0.5639097744360902,0.6127819548872181,0.6804511278195489
query_has_metadata_text,semantic/length_candidate,798,0.5025062656641605,0.6854636591478697,0.7568922305764411,0.7982456140350878
query_has_metadata_text,semantic/length_both,798,0.38721804511278196,0.531328320802005,0.5964912280701754,0.6691729323308271
query_has_metadata_text,semantic/usage_candidate,798,0.3634085213032581,0.5300751879699248,0.5952380952380952,0.6842105263157895
query_has_metadata_text,semantic/usage_both,798,0.40350877192982454,0.5463659147869674,0.6265664160401002,0.6917293233082706
query_has_metadata_text,semantic/metadata_candidate,798,0.37844611528822053,0.5463659147869674,0.6165413533834586,0.7117794486215538
query_has_metadata_text,semantic/metadata_both,798,0.47869674185463656,0.6378446115288221,0.6992481203007519,0.7631578947368421
query_has_metadata_text,semantic/cotags_length_candidate,798,0.23182957393483708,0.39849624060150374,0.46867167919799496,0.5601503759398496
query_has_metadata_text,semantic/cotags_length_both,798,0.40100250626566414,0.5576441102756893,0.6115288220551378,0.6716791979949874
query_has_metadata_text,semantic/all_candidate,798,0.17794486215538846,0.31453634085213034,0.37092731829573933,0.4724310776942356
query_has_metadata_text,semantic/all_both,798,0.44862155388471175,0.5927318295739349,0.6365914786967418,0.6992481203007519
query_has_metadata_text,semantic/cotags_one_work,798,0.32205513784461154,0.424812030075188,0.45864661654135336,0.5087719298245614
query_has_metadata_text,semantic/all_name_anchor,798,0.6541353383458647,0.7869674185463659,0.8320802005012531,0.87468671679198
both_sides_have_metadata_text,lexical/raw,743,0.4858681022880215,0.6056527590847914,0.6433378196500673,0.6904441453566622
both_sides_have_metadata_text,lexical/global_aliases,743,0.6783310901749664,0.8075370121130552,0.8358008075370121,0.8775235531628532
both_sides_have_metadata_text,lexical/selected_aliases,743,0.6177658142664872,0.7402422611036339,0.7873485868102288,0.8344549125168237
both_sides_have_metadata_text,semantic/raw,743,0.5881561238223418,0.721399730820996,0.7698519515477793,0.8102288021534321
both_sides_have_metadata_text,semantic/template,743,0.6662180349932705,0.7954239569313594,0.8277254374158816,0.8654104979811574
both_sides_have_metadata_text,semantic/aliases,743,0.4468371467025572,0.6419919246298789,0.6971736204576043,0.7792732166890982
both_sides_have_metadata_text,semantic/fandom_candidate,743,0.26244952893674295,0.43741588156123823,0.5074024226110363,0.6016150740242261
both_sides_have_metadata_text,semantic/fandom_both,743,0.39569313593539707,0.5383580080753702,0.5881561238223418,0.6675639300134589
both_sides_have_metadata_text,semantic/cotags_candidate,743,0.17765814266487215,0.33243606998654107,0.39703903095558546,0.4993270524899058
both_sides_have_metadata_text,semantic/cotags_both,743,0.41318977119784656,0.5773889636608345,0.6271870794078062,0.6958277254374159
both_sides_have_metadata_text,semantic/length_candidate,743,0.48855989232839836,0.6756393001345895,0.7510094212651414,0.7940780619111709
both_sides_have_metadata_text,semantic/length_both,743,0.4064602960969044,0.5558546433378196,0.6191117092866757,0.6958277254374159
both_sides_have_metadata_text,semantic/usage_candidate,743,0.3391655450874832,0.5074024226110363,0.5773889636608345,0.6716016150740243
both_sides_have_metadata_text,semantic/usage_both,743,0.4226110363391655,0.5693135935397039,0.648721399730821,0.7119784656796769
both_sides_have_metadata_text,semantic/metadata_candidate,743,0.3553162853297443,0.5248990578734859,0.6002691790040376,0.7012113055181696
both_sides_have_metadata_text,semantic/metadata_both,743,0.5020188425302826,0.6689098250336474,0.7321668909825033,0.7954239569313594
both_sides_have_metadata_text,semantic/cotags_length_candidate,743,0.20592193808882908,0.3714670255720054,0.44414535666218036,0.5410497981157469
both_sides_have_metadata_text,semantic/cotags_length_both,743,0.42126514131897713,0.5773889636608345,0.6312247644683715,0.6904441453566622
both_sides_have_metadata_text,semantic/all_candidate,743,0.1480484522207268,0.2812920592193809,0.3391655450874832,0.4468371467025572
both_sides_have_metadata_text,semantic/all_both,743,0.47644683714670255,0.6271870794078062,0.6662180349932705,0.7281292059219381
both_sides_have_metadata_text,semantic/cotags_one_work,743,0.3243606998654105,0.4266487213997308,0.4616419919246299,0.5100942126514132
both_sides_have_metadata_text,semantic/all_name_anchor,743,0.6554508748317631,0.7886944818304172,0.8358008075370121,0.8775235531628532
query_has_cotags_length_text,lexical/raw,1042,0.4971209213051823,0.6238003838771593,0.6621880998080614,0.7034548944337812
query_has_cotags_length_text,lexical/global_aliases,1042,0.6621880998080614,0.7869481765834933,0.8157389635316699,0.8550863723608445
query_has_cotags_length_text,lexical/selected_aliases,1042,0.6170825335892515,0.7389635316698656,0.7792706333973128,0.8214971209213052
query_has_cotags_length_text,semantic/raw,1042,0.5844529750479847,0.7130518234165067,0.7591170825335892,0.8051823416506718
query_has_cotags_length_text,semantic/template,1042,0.654510556621881,0.7840690978886756,0.8166986564299424,0.8522072936660269
query_has_cotags_length_text,semantic/aliases,1042,0.4817658349328215,0.6669865642994242,0.7159309021113244,0.789827255278311
query_has_cotags_length_text,semantic/fandom_candidate,1042,0.31285988483685223,0.4836852207293666,0.54510556621881,0.6305182341650671
query_has_cotags_length_text,semantic/fandom_both,1042,0.42802303262955854,0.564299424184261,0.6122840690978887,0.6852207293666027
query_has_cotags_length_text,semantic/cotags_candidate,1042,0.2236084452975048,0.3829174664107486,0.44241842610364684,0.5335892514395394
query_has_cotags_length_text,semantic/cotags_both,1042,0.42706333973128596,0.5921305182341651,0.6429942418426103,0.7034548944337812
query_has_cotags_length_text,semantic/length_candidate,1042,0.5153550863723608,0.6900191938579654,0.7562380038387716,0.7927063339731286
query_has_cotags_length_text,semantic/length_both,1042,0.42706333973128596,0.5719769673704415,0.6333973128598849,0.6938579654510557
query_has_cotags_length_text,semantic/usage_candidate,1042,0.3666026871401152,0.5345489443378119,0.5978886756238004,0.682341650671785
query_has_cotags_length_text,semantic/usage_both,1042,0.39731285988483683,0.5470249520153551,0.6218809980806143,0.6880998080614203
query_has_cotags_length_text,semantic/metadata_candidate,1042,0.3829174664107486,0.5518234165067178,0.6170825335892515,0.708253358925144
query_has_cotags_length_text,semantic/metadata_both,1042,0.4596928982725528,0.6218809980806143,0.6804222648752399,0.7476007677543186
query_has_cotags_length_text,semantic/cotags_length_candidate,1042,0.24856046065259116,0.4165067178502879,0.4817658349328215,0.5671785028790787
query_has_cotags_length_text,semantic/cotags_length_both,1042,0.43282149712092133,0.5902111324376199,0.6420345489443378,0.7024952015355086
query_has_cotags_length_text,semantic/all_candidate,1042,0.1948176583493282,0.33205374280230326,0.390595009596929,0.48272552783109407
query_has_cotags_length_text,semantic/all_both,1042,0.45873320537428025,0.6065259117082533,0.6497120921305183,0.7216890595009597
query_has_cotags_length_text,semantic/cotags_one_work,1042,0.35892514395393477,0.4740882917466411,0.5095969289827256,0.5585412667946257
query_has_cotags_length_text,semantic/all_name_anchor,1042,0.6497120921305183,0.7840690978886756,0.8282149712092131,0.8714011516314779
both_sides_have_cotags_length_text,lexical/raw,959,0.49113660062565173,0.6173096976016684,0.656934306569343,0.6986444212721585
both_sides_have_cotags_length_text,lexical/global_aliases,959,0.6777893639207507,0.8018769551616267,0.8300312825860271,0.867570385818561
both_sides_have_cotags_length_text,lexical/selected_aliases,959,0.6287799791449427,0.748696558915537,0.7904066736183525,0.8310740354535975
both_sides_have_cotags_length_text,semantic/raw,959,0.5881126173096975,0.7174139728884255,0.762252346193952,0.8060479666319083
both_sides_have_cotags_length_text,semantic/template,959,0.6579770594369134,0.786235662148071,0.8185610010427529,0.8529718456725756
both_sides_have_cotags_length_text,semantic/aliases,959,0.47132429614181437,0.6590198123044838,0.708029197080292,0.7851929092805006
both_sides_have_cotags_length_text,semantic/fandom_candidate,959,0.2773722627737226,0.45255474452554745,0.5182481751824818,0.6110531803962461
both_sides_have_cotags_length_text,semantic/fandom_both,959,0.4358706986444213,0.5735140771637122,0.6225234619395204,0.6986444212721585
both_sides_have_cotags_length_text,semantic/cotags_candidate,959,0.17935349322210636,0.34306569343065696,0.40667361835245047,0.5057351407716372
both_sides_have_cotags_length_text,semantic/cotags_both,959,0.4483837330552659,0.6173096976016684,0.6684045881126173,0.7278415015641293
both_sides_have_cotags_length_text,semantic/length_candidate,959,0.49635036496350365,0.6777893639207507,0.748696558915537,0.7872784150156413
both_sides_have_cotags_length_text,semantic/length_both,959,0.42752867570385816,0.5787278415015641,0.6402502606882169,0.7049009384775808
both_sides_have_cotags_length_text,semantic/usage_candidate,959,0.3347236704900938,0.5078206465067779,0.5766423357664233,0.6673618352450469
both_sides_have_cotags_length_text,semantic/usage_both,959,0.39520333680917624,0.5505735140771637,0.6287799791449427,0.6955161626694474
both_sides_have_cotags_length_text,semantic/metadata_candidate,959,0.3524504692387904,0.5265901981230449,0.5974973931178311,0.6955161626694474
both_sides_have_cotags_length_text,semantic/metadata_both,959,0.4608967674661105,0.6319082377476538,0.6934306569343066,0.7632950990615224
both_sides_have_cotags_length_text,semantic/cotags_length_candidate,959,0.2064650677789364,0.3795620437956204,0.4494264859228363,0.5422314911366006
both_sides_have_cotags_length_text,semantic/cotags_length_both,959,0.456725755995829,0.6173096976016684,0.6694473409801877,0.7278415015641293
both_sides_have_cotags_length_text,semantic/all_candidate,959,0.1480709071949948,0.28779979144942647,0.35036496350364965,0.4504692387904067
both_sides_have_cotags_length_text,semantic/all_both,959,0.4869655891553702,0.6371220020855057,0.6788321167883211,0.748696558915537
both_sides_have_cotags_length_text,semantic/cotags_one_work,959,0.37643378519290926,0.4942648592283629,0.529718456725756,0.5735140771637122
both_sides_have_cotags_length_text,semantic/all_name_anchor,959,0.6517205422314911,0.7872784150156413,0.8321167883211679,0.8748696558915537
query_has_all_text,lexical/raw,1042,0.4971209213051823,0.6238003838771593,0.6621880998080614,0.7034548944337812
query_has_all_text,lexical/global_aliases,1042,0.6621880998080614,0.7869481765834933,0.8157389635316699,0.8550863723608445
query_has_all_text,lexical/selected_aliases,1042,0.6170825335892515,0.7389635316698656,0.7792706333973128,0.8214971209213052
query_has_all_text,semantic/raw,1042,0.5844529750479847,0.7130518234165067,0.7591170825335892,0.8051823416506718
query_has_all_text,semantic/template,1042,0.654510556621881,0.7840690978886756,0.8166986564299424,0.8522072936660269
query_has_all_text,semantic/aliases,1042,0.4817658349328215,0.6669865642994242,0.7159309021113244,0.789827255278311
query_has_all_text,semantic/fandom_candidate,1042,0.31285988483685223,0.4836852207293666,0.54510556621881,0.6305182341650671
query_has_all_text,semantic/fandom_both,1042,0.42802303262955854,0.564299424184261,0.6122840690978887,0.6852207293666027
query_has_all_text,semantic/cotags_candidate,1042,0.2236084452975048,0.3829174664107486,0.44241842610364684,0.5335892514395394
query_has_all_text,semantic/cotags_both,1042,0.42706333973128596,0.5921305182341651,0.6429942418426103,0.7034548944337812
query_has_all_text,semantic/length_candidate,1042,0.5153550863723608,0.6900191938579654,0.7562380038387716,0.7927063339731286
query_has_all_text,semantic/length_both,1042,0.42706333973128596,0.5719769673704415,0.6333973128598849,0.6938579654510557
query_has_all_text,semantic/usage_candidate,1042,0.3666026871401152,0.5345489443378119,0.5978886756238004,0.682341650671785
query_has_all_text,semantic/usage_both,1042,0.39731285988483683,0.5470249520153551,0.6218809980806143,0.6880998080614203
query_has_all_text,semantic/metadata_candidate,1042,0.3829174664107486,0.5518234165067178,0.6170825335892515,0.708253358925144
query_has_all_text,semantic/metadata_both,1042,0.4596928982725528,0.6218809980806143,0.6804222648752399,0.7476007677543186
query_has_all_text,semantic/cotags_length_candidate,1042,0.24856046065259116,0.4165067178502879,0.4817658349328215,0.5671785028790787
query_has_all_text,semantic/cotags_length_both,1042,0.43282149712092133,0.5902111324376199,0.6420345489443378,0.7024952015355086
query_has_all_text,semantic/all_candidate,1042,0.1948176583493282,0.33205374280230326,0.390595009596929,0.48272552783109407
query_has_all_text,semantic/all_both,1042,0.45873320537428025,0.6065259117082533,0.6497120921305183,0.7216890595009597
query_has_all_text,semantic/cotags_one_work,1042,0.35892514395393477,0.4740882917466411,0.5095969289827256,0.5585412667946257
query_has_all_text,semantic/all_name_anchor,1042,0.6497120921305183,0.7840690978886756,0.8282149712092131,0.8714011516314779
both_sides_have_all_text,lexical/raw,959,0.49113660062565173,0.6173096976016684,0.656934306569343,0.6986444212721585
both_sides_have_all_text,lexical/global_aliases,959,0.6777893639207507,0.8018769551616267,0.8300312825860271,0.867570385818561
both_sides_have_all_text,lexical/selected_aliases,959,0.6287799791449427,0.748696558915537,0.7904066736183525,0.8310740354535975
both_sides_have_all_text,semantic/raw,959,0.5881126173096975,0.7174139728884255,0.762252346193952,0.8060479666319083
both_sides_have_all_text,semantic/template,959,0.6579770594369134,0.786235662148071,0.8185610010427529,0.8529718456725756
both_sides_have_all_text,semantic/aliases,959,0.47132429614181437,0.6590198123044838,0.708029197080292,0.7851929092805006
both_sides_have_all_text,semantic/fandom_candidate,959,0.2773722627737226,0.45255474452554745,0.5182481751824818,0.6110531803962461
both_sides_have_all_text,semantic/fandom_both,959,0.4358706986444213,0.5735140771637122,0.6225234619395204,0.6986444212721585
both_sides_have_all_text,semantic/cotags_candidate,959,0.17935349322210636,0.34306569343065696,0.40667361835245047,0.5057351407716372
both_sides_have_all_text,semantic/cotags_both,959,0.4483837330552659,0.6173096976016684,0.6684045881126173,0.7278415015641293
both_sides_have_all_text,semantic/length_candidate,959,0.49635036496350365,0.6777893639207507,0.748696558915537,0.7872784150156413
both_sides_have_all_text,semantic/length_both,959,0.42752867570385816,0.5787278415015641,0.6402502606882169,0.7049009384775808
both_sides_have_all_text,semantic/usage_candidate,959,0.3347236704900938,0.5078206465067779,0.5766423357664233,0.6673618352450469
both_sides_have_all_text,semantic/usage_both,959,0.39520333680917624,0.5505735140771637,0.6287799791449427,0.6955161626694474
both_sides_have_all_text,semantic/metadata_candidate,959,0.3524504692387904,0.5265901981230449,0.5974973931178311,0.6955161626694474
both_sides_have_all_text,semantic/metadata_both,959,0.4608967674661105,0.6319082377476538,0.6934306569343066,0.7632950990615224
both_sides_have_all_text,semantic/cotags_length_candidate,959,0.2064650677789364,0.3795620437956204,0.4494264859228363,0.5422314911366006
both_sides_have_all_text,semantic/cotags_length_both,959,0.456725755995829,0.6173096976016684,0.6694473409801877,0.7278415015641293
both_sides_have_all_text,semantic/all_candidate,959,0.1480709071949948,0.28779979144942647,0.35036496350364965,0.4504692387904067
both_sides_have_all_text,semantic/all_both,959,0.4869655891553702,0.6371220020855057,0.6788321167883211,0.748696558915537
both_sides_have_all_text,semantic/cotags_one_work,959,0.37643378519290926,0.4942648592283629,0.529718456725756,0.5735140771637122
both_sides_have_all_text,semantic/all_name_anchor,959,0.6517205422314911,0.7872784150156413,0.8321167883211679,0.8748696558915537
