raw_pair_levenshtein_similarity,method,examples,canonical_groups,recall@1,recall@3,recall@5,recall@10
0.00-<0.25,levenshtein_normalized,459,417,0.0,0.0,0.0,0.002178649237472767
0.00-<0.25,rapidfuzz_wratio,459,417,0.04357298474945534,0.06535947712418301,0.07407407407407407,0.10893246187363835
0.00-<0.25,similarity,459,417,0.14596949891067537,0.2178649237472767,0.25054466230936817,0.2962962962962963
0.00-<0.25,strict_word_similarity,459,417,0.16993464052287582,0.2178649237472767,0.25272331154684097,0.2984749455337691
0.00-<0.25,text_embedding_3_small_cosine,459,417,0.2984749455337691,0.4335511982570806,0.4989106753812636,0.5642701525054467
0.00-<0.25,word_similarity,459,417,0.15904139433551198,0.20043572984749455,0.23093681917211328,0.27450980392156865
0.25-<0.50,levenshtein_normalized,753,700,0.014608233731739707,0.03187250996015936,0.05312084993359894,0.09827357237715803
0.25-<0.50,rapidfuzz_wratio,753,700,0.15670650730411687,0.2642762284196547,0.300132802124834,0.3452855245683931
0.25-<0.50,similarity,753,700,0.38778220451527223,0.5405046480743692,0.6095617529880478,0.6945551128818062
0.25-<0.50,strict_word_similarity,753,700,0.35856573705179284,0.4648074369189907,0.5086321381142098,0.5830013280212484
0.25-<0.50,text_embedding_3_small_cosine,753,700,0.5179282868525896,0.6772908366533864,0.7383798140770252,0.8114209827357237
0.25-<0.50,word_similarity,753,700,0.32270916334661354,0.4316069057104914,0.4807436918990704,0.5604249667994687
0.50-<0.75,levenshtein_normalized,631,614,0.3724247226624406,0.5499207606973059,0.624405705229794,0.7432646592709984
0.50-<0.75,rapidfuzz_wratio,631,614,0.358161648177496,0.5657686212361331,0.6022187004754358,0.6608557844690967
0.50-<0.75,similarity,631,614,0.7939778129952456,0.8890649762282092,0.9175911251980983,0.9413629160063391
0.50-<0.75,strict_word_similarity,631,614,0.716323296354992,0.8256735340729001,0.8589540412044374,0.8874801901743264
0.50-<0.75,text_embedding_3_small_cosine,631,614,0.7908082408874801,0.901743264659271,0.9207606973058637,0.9461172741679873
0.50-<0.75,word_similarity,631,614,0.6751188589540412,0.7844690966719493,0.8272583201267829,0.8573692551505546
0.75-1.00,levenshtein_normalized,157,153,0.910828025477707,0.9363057324840764,0.9490445859872612,0.9745222929936306
0.75-1.00,rapidfuzz_wratio,157,153,0.7388535031847133,0.89171974522293,0.9171974522292994,0.9426751592356688
0.75-1.00,similarity,157,153,0.9235668789808917,0.9490445859872612,0.9490445859872612,0.9808917197452229
0.75-1.00,strict_word_similarity,157,153,0.7707006369426752,0.8535031847133758,0.8598726114649682,0.8980891719745223
0.75-1.00,text_embedding_3_small_cosine,157,153,0.9044585987261147,0.9490445859872612,0.9617834394904459,0.9681528662420382
0.75-1.00,word_similarity,157,153,0.7261146496815286,0.8280254777070064,0.8535031847133758,0.9044585987261147
