source_id,reviewer,judgment,canonical_id,proposed_name,confidence,catalogue_checked,rationale
1913336,,,,,,,
4706769,,,,,,,
6021681,,,,,,,
2963225,,,,,,,
6715168,,,,,,,
104871,,,,,,,
46849846,,,,,,,
1140470,,,,,,,
7551335,,,,,,,
245321,,,,,,,
744182,,,,,,,
4788375,,,,,,,
424578,,,,,,,
6118770,,,,,,,
18047238,,,,,,,
2437566,,,,,,,
281361,,,,,,,
6584738,,,,,,,
1700569,,,,,,,
7647875,,,,,,,
12328567,,,,,,,
449683,,,,,,,
47750113,,,,,,,
14796641,,,,,,,
38643739,,,,,,,
7257677,,,,,,,
490145,,,,,,,
1241832,,,,,,,
2968679,,,,,,,
54587397,,,,,,,
990068,,,,,,,
635945,,,,,,,
1422604,,,,,,,
1149663,,,,,,,
53331726,,,,,,,
11372725,,,,,,,
27536047,,,,,,,
4604241,,,,,,,
555991,,,,,,,
5685213,,,,,,,
1018859,,,,,,,
8996125,,,,,,,
7673000,,,,,,,
1034776,,,,,,,
2322546,,,,,,,
5527965,,,,,,,
505163,,,,,,,
586505,,,,,,,
10423432,,,,,,,
41772964,,,,,,,
699464,,,,,,,
698884,,,,,,,
24486026,,,,,,,
18259686,,,,,,,
54587115,,,,,,,
36199343,,,,,,,
781323,,,,,,,
17699535,,,,,,,
451213,,,,,,,
36942877,,,,,,,
3586724,,,,,,,
3423542,,,,,,,
5577603,,,,,,,
1151797,,,,,,,
1952372,,,,,,,
20285811,,,,,,,
847834,,,,,,,
5543019,,,,,,,
1056532,,,,,,,
32791477,,,,,,,
9013114,,,,,,,
3027158,,,,,,,
14114396,,,,,,,
31287175,,,,,,,
1041153,,,,,,,
687182,,,,,,,
2987258,,,,,,,
8183176,,,,,,,
542916,,,,,,,
38127433,,,,,,,
973142,,,,,,,
882094,,,,,,,
19793202,,,,,,,
1335516,,,,,,,
54655833,,,,,,,
715106,,,,,,,
8875975,,,,,,,
10007533,,,,,,,
1065868,,,,,,,
16181544,,,,,,,
16677993,,,,,,,
34637453,,,,,,,
703648,,,,,,,
6213840,,,,,,,
10344745,,,,,,,
9222499,,,,,,,
11862847,,,,,,,
427929,,,,,,,
527725,,,,,,,
16223664,,,,,,,
558848,,,,,,,
14776925,,,,,,,
7889575,,,,,,,
5149906,,,,,,,
3356768,,,,,,,
537315,,,,,,,
13761929,,,,,,,
797483,,,,,,,
3973685,,,,,,,
44473870,,,,,,,
6722215,,,,,,,
17192028,,,,,,,
738102,,,,,,,
15251350,,,,,,,
10429915,,,,,,,
12459787,,,,,,,
54583734,,,,,,,
1750843,,,,,,,
19240336,,,,,,,
492225,,,,,,,
5552451,,,,,,,
2787720,,,,,,,
3560066,,,,,,,
708911,,,,,,,
8673652,,,,,,,
9218794,,,,,,,
45502705,,,,,,,
9289588,,,,,,,
37442122,,,,,,,
943661,,,,,,,
862297,,,,,,,
856113,,,,,,,
534359,,,,,,,
6044109,,,,,,,
6716086,,,,,,,
579710,,,,,,,
7013759,,,,,,,
52873116,,,,,,,
819070,,,,,,,
1529833,,,,,,,
7992784,,,,,,,
54587499,,,,,,,
11679490,,,,,,,
27087140,,,,,,,
39514636,,,,,,,
847974,,,,,,,
6454439,,,,,,,
27462693,,,,,,,
792143,,,,,,,
798344,,,,,,,
7801087,,,,,,,
7777819,,,,,,,
884668,,,,,,,
2173753,,,,,,,
991268,,,,,,,
452534,,,,,,,
694092,,,,,,,
7858489,,,,,,,
28272260,,,,,,,
10846555,,,,,,,
54583005,,,,,,,
475543,,,,,,,
1261853,,,,,,,
1585282,,,,,,,
24310997,,,,,,,
4067507,,,,,,,
12288886,,,,,,,
10862002,,,,,,,
414995,,,,,,,
873852,,,,,,,
8508743,,,,,,,
19005369,,,,,,,
42217780,,,,,,,
36605428,,,,,,,
8773996,,,,,,,
11298493,,,,,,,
12058213,,,,,,,
792946,,,,,,,
16341459,,,,,,,
21082458,,,,,,,
10634985,,,,,,,
1268322,,,,,,,
785551,,,,,,,
912190,,,,,,,
7331651,,,,,,,
514175,,,,,,,
54586641,,,,,,,
3769586,,,,,,,
3268712,,,,,,,
5344717,,,,,,,
5870114,,,,,,,
6139905,,,,,,,
2112809,,,,,,,
5271940,,,,,,,
1797668,,,,,,,
44424547,,,,,,,
530273,,,,,,,
3370991,,,,,,,
1935044,,,,,,,
15455232,,,,,,,
8021839,,,,,,,
12539632,,,,,,,
2946104,,,,,,,
5816048,,,,,,,
933473,,,,,,,
5893367,,,,,,,
22777497,,,,,,,
15499083,,,,,,,
54579675,,,,,,,
869194,,,,,,,
1271712,,,,,,,
4380197,,,,,,,
253317,,,,,,,
9485290,,,,,,,
28988021,,,,,,,
252336,,,,,,,
6042954,,,,,,,
8634166,,,,,,,
496642,,,,,,,
15455742,,,,,,,
282708,,,,,,,
738432,,,,,,,
16854234,,,,,,,
13509134,,,,,,,
4071317,,,,,,,
1208908,,,,,,,
2280810,,,,,,,
54646320,,,,,,,
26054792,,,,,,,
2117051,,,,,,,
4657962,,,,,,,
4490492,,,,,,,
12139994,,,,,,,
811635,,,,,,,
54587148,,,,,,,
696100,,,,,,,
30388382,,,,,,,
25643676,,,,,,,
1358776,,,,,,,
1276133,,,,,,,
29499548,,,,,,,
34883945,,,,,,,
21195484,,,,,,,
6787855,,,,,,,
553554,,,,,,,
4807942,,,,,,,
6496253,,,,,,,
11593876,,,,,,,
1656202,,,,,,,
1692919,,,,,,,
21266562,,,,,,,
4978606,,,,,,,
44881822,,,,,,,
10889221,,,,,,,
913088,,,,,,,
555943,,,,,,,
28136952,,,,,,,
12152719,,,,,,,
3653834,,,,,,,
13064407,,,,,,,
1072309,,,,,,,
2665542,,,,,,,
3645434,,,,,,,
13754558,,,,,,,
42969670,,,,,,,
10146467,,,,,,,
27963543,,,,,,,
9537859,,,,,,,
1142249,,,,,,,
526210,,,,,,,
5588625,,,,,,,
13442242,,,,,,,
6098751,,,,,,,
42614812,,,,,,,
1048002,,,,,,,
843858,,,,,,,
1559335,,,,,,,
8747980,,,,,,,
4650531,,,,,,,
27771295,,,,,,,
940426,,,,,,,
54584709,,,,,,,
746479,,,,,,,
9364837,,,,,,,
5554587,,,,,,,
54655704,,,,,,,
10448692,,,,,,,
807315,,,,,,,
277011,,,,,,,
1260129,,,,,,,
27796969,,,,,,,
440551,,,,,,,
776613,,,,,,,
35448164,,,,,,,
19616667,,,,,,,
1875818,,,,,,,
11779537,,,,,,,
940560,,,,,,,
1298646,,,,,,,
19059939,,,,,,,
2563041,,,,,,,
13947374,,,,,,,
54579555,,,,,,,
17120247,,,,,,,
1324620,,,,,,,
4059170,,,,,,,
937178,,,,,,,
5525478,,,,,,,
2482410,,,,,,,
209586,,,,,,,
543994,,,,,,,
3223943,,,,,,,
16365606,,,,,,,
4273034,,,,,,,
3766850,,,,,,,
2141221,,,,,,,
2742009,,,,,,,
26843156,,,,,,,
5979167,,,,,,,
626372,,,,,,,
18605697,,,,,,,
53691045,,,,,,,
16877265,,,,,,,
35714507,,,,,,,
5651946,,,,,,,
10495108,,,,,,,
1980086,,,,,,,
15352974,,,,,,,
39453283,,,,,,,
11585755,,,,,,,
35360756,,,,,,,
15455478,,,,,,,
5954735,,,,,,,
597919,,,,,,,
210588,,,,,,,
8845279,,,,,,,
969969,,,,,,,
21839508,,,,,,,
459673,,,,,,,
12574996,,,,,,,
596787,,,,,,,
8237437,,,,,,,
1384845,,,,,,,
5702307,,,,,,,
486499,,,,,,,
19006782,,,,,,,
7614161,,,,,,,
54655695,,,,,,,
16756452,,,,,,,
803747,,,,,,,
500402,,,,,,,
4949452,,,,,,,
1712140,,,,,,,
2486451,,,,,,,
40406905,,,,,,,
3007907,,,,,,,
13602407,,,,,,,
10463605,,,,,,,
839658,,,,,,,
54579477,,,,,,,
2164126,,,,,,,
17105841,,,,,,,
725825,,,,,,,
24406982,,,,,,,
40945897,,,,,,,
754550,,,,,,,
3556265,,,,,,,
5806913,,,,,,,
1317855,,,,,,,
4062101,,,,,,,
2034509,,,,,,,
341100,,,,,,,
954834,,,,,,,
18932898,,,,,,,
49305571,,,,,,,
9240274,,,,,,,
1827788,,,,,,,
13499564,,,,,,,
44475934,,,,,,,
4088882,,,,,,,
11030503,,,,,,,
9631687,,,,,,,
3004934,,,,,,,
4704201,,,,,,,
1299896,,,,,,,
42251233,,,,,,,
8296927,,,,,,,
24951459,,,,,,,
1026312,,,,,,,
5104132,,,,,,,
150775,,,,,,,
17633505,,,,,,,
879046,,,,,,,
1304008,,,,,,,
1124048,,,,,,,
43050613,,,,,,,
14390270,,,,,,,
1070804,,,,,,,
22566537,,,,,,,
628718,,,,,,,
315163,,,,,,,
628953,,,,,,,
610273,,,,,,,
8509059,,,,,,,
22864035,,,,,,,
25168416,,,,,,,
543783,,,,,,,
2877396,,,,,,,
32125744,,,,,,,
9062071,,,,,,,
1325075,,,,,,,
24266891,,,,,,,
3545279,,,,,,,
54659118,,,,,,,
4691400,,,,,,,
1291487,,,,,,,
54579762,,,,,,,
3437399,,,,,,,
34409755,,,,,,,
54587193,,,,,,,
25253826,,,,,,,
860474,,,,,,,
14031431,,,,,,,
9572659,,,,,,,
139908,,,,,,,
6376262,,,,,,,
577319,,,,,,,
1291936,,,,,,,
2840952,,,,,,,
19930083,,,,,,,
54579804,,,,,,,
9951643,,,,,,,
9720139,,,,,,,
38477551,,,,,,,
4188821,,,,,,,
3258986,,,,,,,
13380376,,,,,,,
2011481,,,,,,,
722129,,,,,,,
47503696,,,,,,,
14327513,,,,,,,
10638300,,,,,,,
12281875,,,,,,,
9917971,,,,,,,
628287,,,,,,,
268059,,,,,,,
5340208,,,,,,,
23911007,,,,,,,
54586647,,,,,,,
5491935,,,,,,,
28099722,,,,,,,
4560323,,,,,,,
10593316,,,,,,,
4134494,,,,,,,
34682807,,,,,,,
1175808,,,,,,,
656705,,,,,,,
11429872,,,,,,,
606919,,,,,,,
3823760,,,,,,,
8362033,,,,,,,
1120956,,,,,,,
7275458,,,,,,,
4869643,,,,,,,
10253110,,,,,,,
54586254,,,,,,,
33720232,,,,,,,
7098983,,,,,,,
2260237,,,,,,,
2433120,,,,,,,
1645948,,,,,,,
14746928,,,,,,,
24808677,,,,,,,
900481,,,,,,,
25744713,,,,,,,
14854865,,,,,,,
30979748,,,,,,,
717725,,,,,,,
38008630,,,,,,,
704317,,,,,,,
22470954,,,,,,,
54585783,,,,,,,
9318754,,,,,,,
54580383,,,,,,,
2416659,,,,,,,
3256130,,,,,,,
54655938,,,,,,,
2373552,,,,,,,
42971452,,,,,,,
10576136,,,,,,,
4332065,,,,,,,
2445723,,,,,,,
1339097,,,,,,,
31229980,,,,,,,
6667291,,,,,,,
3552458,,,,,,,
12949399,,,,,,,
551511,,,,,,,
54659136,,,,,,,
17662284,,,,,,,
