source_id,name,cached_count,arm,partition,selection_reason
1913336,James Buchanan Barnes - Freeform,60,random,calibration,random
4706769,Interrupted Date,20,random,calibration,random
6021681,a lot of time skips,17,challenge,challenge,small_margin
2963225,Sellswords,7,random,validation,random
6715168,the title is from a song,6,random,calibration,random
104871,Castiel/Dean Winchester - Freeform,74,random,calibration,random
46849846,Vergil is Nero's mom,19,challenge,challenge,small_margin
1140470,Nine Lives,21,random,calibration,random
7551335,Top Brock Rumlow,25,random,calibration,random
245321,spirk,7646,challenge,challenge,high_usage
744182,so so so so,18,challenge,challenge,small_margin
4788375,almost lovers,26,challenge,challenge,semantic_disagreement
424578,Romance Ensues,8,random,validation,random
6118770,so tw for that,10,random,validation,random
18047238,Princess Dongho,6,random,calibration,random
2437566,this!,45,random,validation,random
281361,Chips - Freeform,43,random,calibration,random
6584738,team swap,7,random,validation,random
1700569,protecting each other,19,random,validation,random
7647875,Luke and Leia,6,random,validation,random
12328567,protect this boy,8,random,calibration,random
449683,angst-free zone,21,random,validation,random
47750113,Halloween Smut Meme,6,random,calibration,random
14796641,Rare otp,7,random,validation,random
38643739,Blakefield,25,random,calibration,random
7257677,Muse Babies,14,random,calibration,random
490145,Cutsie,9,random,validation,random
1241832,Grapefruit,49,random,validation,random
2968679,creepy elements,6,random,calibration,random
54587397,by the deep and eternal grief that I feel,16,random,validation,random
990068,Demon Wolf,6,random,validation,random
635945,just pain,169,random,calibration,random
1422604,Cashton,750,random,calibration,random
1149663,Adopted Tony,40,random,validation,random
53331726,Langa x Reki,8,random,calibration,random
11372725,solgrace,6,random,calibration,random
27536047,genino,19,challenge,challenge,unsupported_name_target
4604241,dirty dirty dirty,29,random,calibration,random
555991,Old Hollywood - Freeform,38,challenge,challenge,semantic_disagreement
5685213,very little action,6,random,calibration,random
1018859,And Clint,16,random,validation,random
8996125,though he's only mentioned,6,random,calibration,random
7673000,Reader is so done,14,random,validation,random
1034776,because I love him,62,random,calibration,random
2322546,bless her,29,random,validation,random
5527965,dragonlance - Freeform,7,random,validation,random
505163,Hadrian - Freeform,7,random,validation,random
586505,god i love,14,random,validation,random
10423432,Trans!Reader - Freeform,19,random,validation,random
41772964,Complete hairlessness,6,random,calibration,random
699464,Other Canon Characters - Freeform,8,random,validation,random
698884,psychostriders,9,random,validation,random
24486026,fucking against a tree,6,random,validation,random
18259686,tinder hookup,9,random,validation,random
54587115,I might have supposed her asleep. I rushed towards her and embraced her with ardour,16,challenge,challenge,low_similarity
36199343,little aizawa,8,random,validation,random
781323,Sigyn - Freeform,22,challenge,challenge,unsupported_name_target
17699535,jikook/kookmin,21,random,calibration,random
451213,;,79,random,validation,random
36942877,dabi smut,8,random,validation,random
3586724,minor description of blood,9,random,validation,random
3423542,plumber,16,random,calibration,random
5577603,Avatar the last airbender!AU,6,random,calibration,random
1151797,Kitchen Nightmares,9,random,calibration,random
1952372,Modern Day Elves,6,random,calibration,random
20285811,Sentient Grimmauld Place,8,random,validation,random
847834,Hijikata,12,random,validation,random
5543019,Summer trip,7,random,validation,random
1056532,please be nice to me,52,random,validation,random
32791477,small gestures,8,random,calibration,random
9013114,Vibing,34,random,calibration,random
3027158,Gazing into Each Other's Eyes,8,random,calibration,random
14114396,Xena Warrior Princess,7,random,validation,random
31287175,尉狄,26,random,calibration,random
1041153,like holy shit,108,random,calibration,random
687182,I WANT MORE,385,challenge,challenge,unsupported_name_target
2987258,on ch 28,6,random,validation,random
8183176,autistic!leo,15,random,calibration,random
542916,McCarthyism,12,random,validation,random
38127433,Punk TF,9,random,validation,random
973142,problematic,249,random,calibration,random
882094,Motorcycle Racing,15,random,calibration,random
19793202,Game of Thrones: Alderaan,6,random,calibration,random
1335516,fuck man,71,random,calibration,random
54655833,You get yourself into a rhythm,6,challenge,challenge,low_similarity
715106,I want to fuck Richard Armitage...,10,random,validation,random
8875975,shalaska,23,challenge,challenge,unsupported_name_target
10007533,alien Tony,8,challenge,challenge,small_margin
1065868,at least in the beginning,54,random,calibration,random
16181544,and traumatized,10,random,calibration,random
16677993,Munchausen,6,random,validation,random
34637453,Don’t copy to another site,13784,challenge,challenge,high_usage
703648,And blowjobs,13,random,validation,random
6213840,Cinema Sex,11,random,validation,random
10344745,fast fic,9,random,validation,random
9222499,And space,9,random,calibration,random
11862847,this is not fanfiction,6,random,validation,random
427929,America's Suitehearts AU,9,challenge,challenge,small_margin
527725,a wee bit of angst,73,random,calibration,random
16223664,Trans Nick,6,random,validation,random
558848,Well fucked,11,random,validation,random
14776925,∠( ᐛ 」∠)＿,11,challenge,challenge,low_similarity
7889575,I love Bucky Barnes,22,challenge,challenge,unsupported_name_target
5149906,crying child,7,random,validation,random
3356768,post-2x07,9,random,validation,random
537315,flat sharing,9,random,calibration,random
13761929,greys,11,challenge,challenge,semantic_disagreement
797483,twoo wuv,6,random,validation,random
3973685,say goodbye,10,random,validation,random
44473870,Geralt x Eskel,6,random,calibration,random
6722215,Smart characters,7,random,calibration,random
17192028,mermaid smut,8,challenge,challenge,semantic_disagreement
738102,but just a little bit,119,random,validation,random
15251350,wow this is long,6,random,validation,random
10429915,mlm,2808,challenge,challenge,high_usage
12459787,weird dream stuff,6,random,calibration,random
54583734,which they dressed; and these signs of comfort increased daily as the season advanced. “The old man,17,challenge,challenge,low_similarity
1750843,Minor food play,8,challenge,challenge,unsupported_name_target
19240336,hannibal vibes,9,random,calibration,random
492225,so many nicknames,21,random,calibration,random
5552451,Whip Marks,6,random,validation,random
2787720,get married already,6,random,calibration,random
3560066,Stupid Bet,8,random,calibration,random
708911,Larry parents,6,challenge,challenge,semantic_disagreement
8673652,Psychic!Ryan,10,random,calibration,random
9218794,побег,6,challenge,challenge,non_ascii
45502705,Bodyguard Vernon,6,random,calibration,random
9289588,You are the OC darling!,8,challenge,challenge,small_margin
37442122,in which Ango becomes Kyu's legal guardian,7,challenge,challenge,low_similarity
943661,overuse of commas,39,challenge,challenge,low_similarity
862297,mouths,7,random,validation,random
856113,halloween dance,13,random,calibration,random
534359,unironically,7,random,calibration,random
6044109,Demon Turning,6,random,calibration,random
6716086,sick burns,16,challenge,challenge,semantic_disagreement
579710,Confused Emotions,22,random,calibration,random
7013759,Everyone is magical,6,random,calibration,random
52873116,I have too much free time on my hands,8,challenge,challenge,small_margin
819070,BAMF Adam,6,challenge,challenge,unsupported_name_target
1529833,Undone,56,random,calibration,random
7992784,This is so cute and sweet,10,random,validation,random
54587499,a repast was prepared for me in the desert that restored and inspirited me. The fare was,16,random,validation,random
11679490,Zarcy,9,random,calibration,random
27087140,MX loves their maknae,7,random,validation,random
39514636,Creepy Whumper,12,random,calibration,random
847974,too precious,39,random,calibration,random
6454439,You'll see...,10,random,validation,random
27462693,mean allura,9,random,calibration,random
792143,Amuly,6,challenge,challenge,unsupported_name_target
798344,can be read as slash or gen,7,random,calibration,random
7801087,Becoming a dad,6,random,calibration,random
7777819,Longer than expected,16,random,calibration,random
884668,Building trust,119,random,validation,random
2173753,plus size character,38,challenge,challenge,unsupported_name_target
991268,cute family,45,challenge,challenge,semantic_disagreement
452534,extreme fluff,278,random,calibration,random
694092,Source blood,14,challenge,challenge,unsupported_name_target
7858489,Save These Children,12,random,validation,random
28272260,drunk Jakurai,6,random,calibration,random
10846555,Soul family,8,random,validation,random
54583005,and I saw,17,random,calibration,random
475543,Assassin's Creed - Freeform,95,random,calibration,random
1261853,Candied Apples,6,random,validation,random
1585282,Hand Fixation,12,random,validation,random
24310997,Futa Reader,6,random,validation,random
4067507,Funeral Home AU,15,random,validation,random
12288886,Aloha,8,random,validation,random
10862002,enemies to fuckbuddies to lovers,7,random,calibration,random
414995,Austism,8,random,validation,random
873852,Finished Reading,9912,challenge,challenge,high_usage
8508743,intentionally,7,random,validation,random
19005369,OC Clans,6,random,calibration,random
42217780,atsuoi,10,random,validation,random
36605428,Choi Soobin - Freeform,23,random,calibration,random
8773996,probably inaccurate medical stuff,7,random,validation,random
11298493,Sansgore,28,random,calibration,random
12058213,Samwich,8,random,validation,random
792946,1000,1238,challenge,challenge,high_usage
16341459,this is just soft,85,challenge,challenge,small_margin
21082458,still don’t know how to tag,28,random,validation,random
10634985,Paperjam - Freeform,11,random,calibration,random
1268322,I literally cannot,10,random,calibration,random
785551,Falling out,91,random,calibration,random
912190,charity galas,10,random,calibration,random
7331651,Body Fetish,7,random,calibration,random
514175,Grammy,9,random,validation,random
54586641,the cloudy sky above,16,random,validation,random
3769586,I make myself laugh,9,random,validation,random
3268712,aliens are real,10,random,calibration,random
5344717,One Room,7,random,calibration,random
5870114,they give me life,11,random,calibration,random
6139905,welp here we go,7,challenge,challenge,small_margin
2112809,cold shoulder,18,random,validation,random
5271940,ciNNAMON BUNS,13,random,validation,random
1797668,umm idk,9,random,validation,random
44424547,Bandit Peter Nureyev,8,random,validation,random
530273,drive-in movies,22,challenge,challenge,semantic_disagreement
3370991,Homeless Tony,9,random,calibration,random
1935044,Like Immediately,10,random,validation,random
15455232,Insecure Brian,12,random,validation,random
8021839,knife injuries,6,random,validation,random
12539632,Whisper of the Heart AU,6,random,validation,random
2946104,Survival Sex Work,12,random,validation,random
5816048,Knight Pearl,7,random,calibration,random
933473,Stinger,12,random,calibration,random
5893367,Skyeward smut,9,random,validation,random
22777497,Useless Sapphics,12,challenge,challenge,unsupported_name_target
15499083,lmao anyway,6,random,calibration,random
54579675,should I have any fresh incidents to record. August 13th,16,challenge,challenge,low_similarity
869194,this is fucking fantastic,6,random,validation,random
1271712,Piquerism,13,random,validation,random
4380197,Anal bleeding,21,random,calibration,random
253317,Pickles - Freeform,43,random,validation,random
9485290,end my suffering,24,random,calibration,random
28988021,read the fucking tags,11,random,calibration,random
252336,Deflowering,120,random,validation,random
6042954,Exhibitionist Fantasies,7,random,calibration,random
8634166,poor jay,14,random,calibration,random
496642,Payphone,6,random,validation,random
15455742,witch!Tony,13,random,validation,random
282708,Spoon - Freeform,8,random,validation,random
738432,leaving for college,17,random,validation,random
16854234,Protective New Avengers,6,random,calibration,random
13509134,take it as you want - Freeform,7,random,validation,random
4071317,updating tags as I go along,8,random,calibration,random
1208908,court!sorcerer,9,random,calibration,random
2280810,but that's for later,12,random,calibration,random
54646320,“Alphonse Cumenstein. “Geneva,10,challenge,challenge,low_similarity
26054792,fuck terfs,14,random,validation,random
2117051,ace characters,56,random,calibration,random
4657962,this was Too Much,8,random,validation,random
4490492,virgin!reader,84,random,validation,random
12139994,Student Genos,9,random,calibration,random
811635,Possible future threesome,6,random,calibration,random
54587148,most of my companions believing it to have been a form conjured up by my fancy. After having landed,16,challenge,challenge,low_similarity
696100,Book reference,22,challenge,challenge,small_margin
30388382,I’m projecting,12,challenge,challenge,non_ascii
25643676,lyb,18,random,calibration,random
1358776,just a lil,170,random,validation,random
1276133,mother of dragons,12,random,calibration,random
29499548,Hollice,9,random,calibration,random
34883945,luke and vader,8,random,validation,random
21195484,Originally Posted on Psychfic,50,challenge,challenge,semantic_disagreement
6787855,In This Moment - Freeform,7,random,validation,random
553554,Goes Without Saying,6,random,calibration,random
4807942,clears throat,8,random,validation,random
6496253,idk and idc,7,random,validation,random
11593876,Jaehyuck,92,challenge,challenge,unsupported_name_target
1656202,strangers!au,6,random,calibration,random
1692919,Marriage Vows,26,random,calibration,random
21266562,they're both switches,26,random,calibration,random
4978606,sorry for the confusion,9,random,calibration,random
44881822,Clone Mom and Clone Dad,21,challenge,challenge,semantic_disagreement
10889221,Badster,75,random,validation,random
913088,little bit sad,31,challenge,challenge,semantic_disagreement
555943,new feelings,53,random,validation,random
28136952,EnDeku,28,random,validation,random
12152719,Pronoun Switching,20,random,validation,random
3653834,Clotpole,11,random,validation,random
13064407,Till chapter 3,16,random,validation,random
1072309,hurt/not much comfort,12,random,validation,random
2665542,so much spycraft,9,random,validation,random
3645434,Confused Bard,15,random,calibration,random
13754558,just a small one,8,random,calibration,random
42969670,They/Them Pronouns for Kozume Kenma,7,random,validation,random
10146467,i really love this ship,7,random,calibration,random
27963543,tumblr migration,6,random,validation,random
9537859,forced confessions,24,random,calibration,random
1142249,crit,42,random,validation,random
526210,Eurotrip,9,random,calibration,random
5588625,nose fucking,10,random,validation,random
13442242,adhd JJ,6,random,validation,random
6098751,to the nth degree,8,challenge,challenge,low_similarity
42614812,Bottom Might Guy,13,random,calibration,random
1048002,or Both,62,random,validation,random
843858,Aether,107,random,validation,random
1559335,super fucking good,9,random,calibration,random
8747980,Isabelle Lightwood - Freeform,23,random,validation,random
4650531,Dylan Klebold - Freeform,24,random,calibration,random
27771295,Hosie,1190,challenge,challenge,high_usage
940426,it's possible,12,challenge,challenge,small_margin
54584709,using violent gesticulations; but I did not understand what they said,16,challenge,challenge,low_similarity
746479,They both suck,9,random,calibration,random
9364837,semi secret relationship,6,random,calibration,random
5554587,potential sex,7,random,calibration,random
54655704,They know what it's like outside the hive,6,random,calibration,random
10448692,Earphones,6,random,validation,random
807315,Jelly Beans,23,challenge,challenge,semantic_disagreement
277011,Muse - Freeform,93,random,calibration,random
1260129,Christmas Wish,25,random,calibration,random
27796969,Weiss X Ruby - Freeform,18,random,validation,random
440551,Stealth suit,12,random,calibration,random
776613,angst all around,19,random,calibration,random
35448164,Smutty Angstober 2019,13,random,calibration,random
19616667,Beijing Guoan,6,random,calibration,random
1875818,Wordcount: 3.000-5.000,767,challenge,challenge,high_usage
11779537,Tagged as Needed,6,random,validation,random
940560,hands free,18,random,calibration,random
1298646,Deactivation,7,random,validation,random
19059939,A/B/O Roleplay,8,random,calibration,random
2563041,Camden Town,6,random,calibration,random
13947374,Siren Will,6,random,validation,random
54579555,and before night the ice broke and freed our ship. We,16,challenge,challenge,low_similarity
17120247,anyway!!,7,random,calibration,random
1324620,if you get what I mean,16,random,calibration,random
4059170,now that i think about it,27,random,validation,random
937178,Post-RotK,7,random,calibration,random
5525478,This was rushed,27,random,validation,random
2482410,Aerwin,8,random,calibration,random
209586,nonnie,18,random,validation,random
543994,enthusiastic sex,7,random,validation,random
3223943,this has been a psa,16,random,calibration,random
16365606,A cute,17,random,calibration,random
4273034,Flustered Steve Rogers,9,challenge,challenge,small_margin
3766850,I love these losers,11,random,validation,random
2141221,reckless,44,random,validation,random
2742009,20/8,8,random,calibration,random
26843156,hypmic - Freeform,10,random,calibration,random
5979167,Lunches,6,challenge,challenge,unsupported_name_target
626372,suppressants,92,challenge,challenge,unsupported_name_target
18605697,路人,57,challenge,challenge,non_ascii
53691045,Видео,6,random,calibration,random
16877265,Fuck feelings,6,random,calibration,random
35714507,Woosanhwa,18,random,calibration,random
5651946,Protective Blue,7,random,calibration,random
10495108,nonhuman Tony Stark,28,random,validation,random
1980086,space jam - Freeform,9,random,validation,random
15352974,magical places,8,random,calibration,random
39453283,voltage fanfic,25,random,validation,random
11585755,GaaSaku - Freeform,6,random,calibration,random
35360756,霸道总裁,6,challenge,challenge,low_similarity
15455478,GxC,22,random,calibration,random
5954735,Top Kaito,7,random,calibration,random
597919,interesting OCs,8,random,validation,random
210588,OC characters,175,random,calibration,random
8845279,i couldn't think of a title,9,random,calibration,random
969969,flu season,24,random,validation,random
21839508,they’re so soft for each other,7,random,calibration,random
459673,It's an experiment!,6,random,validation,random
12574996,Highschool Parties,8,random,calibration,random
596787,darling - Freeform,21,random,validation,random
8237437,Well only one,6,random,calibration,random
1384845,pretending to be a boy,9,random,calibration,random
5702307,teddy boys,33,random,validation,random
486499,A little,863,random,validation,random
19006782,fansite!au,9,random,calibration,random
7614161,i love my sons,43,random,validation,random
54655695,Oheck it out,6,challenge,challenge,small_margin
16756452,Chapter 50,33,challenge,challenge,unsupported_name_target
803747,sex and feels,9,random,validation,random
500402,What the hell is wrong with me,10,random,validation,random
4949452,And true,6,random,calibration,random
1712140,Songbird!Verse,6,random,validation,random
2486451,волчонок,247,challenge,challenge,non_ascii
40406905,Bottom Xiao Ruijian,7,random,validation,random
3007907,Minor Violence and Blood,6,random,validation,random
13602407,I wrote this for my friend,14,random,validation,random
10463605,just a fun story,8,random,validation,random
839658,"""однострочник""",6,challenge,challenge,non_ascii
54579477,and I shall be well content if nothing worse happen to us during our voyage. Adieu,16,random,validation,random
2164126,For a bit anyway,11,random,validation,random
17105841,Trope Bingo Round 9,20,challenge,challenge,small_margin
725825,Loophole,15,challenge,challenge,small_margin
24406982,soft relationship,16,random,validation,random
40945897,Tsukishima Kei is Whipped,8,challenge,challenge,small_margin
754550,No really I mean it,13,random,calibration,random
3556265,protective!GoM,8,challenge,challenge,semantic_disagreement
5806913,Implied Love Triangle,16,random,calibration,random
1317855,Lost friends,18,random,validation,random
4062101,Video Tapes,20,random,calibration,random
2034509,I can't deal,24,random,calibration,random
341100,Stress,1690,challenge,challenge,high_usage
954834,Jaytim - Freeform,121,random,validation,random
18932898,Bencest,6,random,calibration,random
49305571,杉尾 - Freeform,6,random,validation,random
9240274,herbalist Castiel,9,challenge,challenge,unsupported_name_target
1827788,relación,14,challenge,challenge,non_ascii
13499564,hug him,16,random,calibration,random
44475934,Monster Generation,7,random,validation,random
4088882,i'm hilarious,9,random,validation,random
11030503,hospital romance,7,random,calibration,random
9631687,stay safe kids,26,random,calibration,random
3004934,friends become Lovers,10,random,calibration,random
4704201,capítulo único,12,random,calibration,random
1299896,terrarium,6,random,calibration,random
42251233,The Blue Devils,6,random,calibration,random
8296927,Mistress Perrie,7,random,calibration,random
24951459,关周 - Freeform,21,challenge,challenge,non_ascii
1026312,but it is not,6,challenge,challenge,semantic_disagreement
5104132,Bunny Kink,19,random,validation,random
150775,movie,1253,challenge,challenge,high_usage
17633505,soooo cute!,6,random,validation,random
879046,not sure what else,16,random,calibration,random
1304008,Secret kink,19,random,validation,random
1124048,Dark Lords,17,random,calibration,random
43050613,WTFK 2020,9,random,calibration,random
14390270,Experienced reader,14,random,validation,random
1070804,Logistics,54,random,calibration,random
22566537,Jay Centric,9,random,validation,random
628718,and that is all,7,challenge,challenge,small_margin
315163,non-fandom,30,random,validation,random
628953,Note writing,12,random,validation,random
610273,Daily Routine,37,random,validation,random
8509059,Midwest AU,7,random,validation,random
22864035,Angst du Mortain,12,random,validation,random
25168416,marcon,73,random,calibration,random
543783,there will be sex eventually,9,random,validation,random
2877396,❤️❤️,261,challenge,challenge,non_ascii
32125744,MJ knows Peter is Spider-Man,8,random,validation,random
9062071,Monster Family - Freeform,6,challenge,challenge,unsupported_name_target
1325075,mostly just implied,12,random,validation,random
24266891,Yakko is a good big brother,8,challenge,challenge,unsupported_name_target
3545279,Pet/Owner,9,challenge,challenge,unsupported_name_target
54659118,I think we were on autopilot the whole time,6,challenge,challenge,low_similarity
4691400,Post Ep 24,8,random,validation,random
1291487,Bombings,26,random,validation,random
54579762,“You may easily perceive,16,challenge,challenge,semantic_disagreement
3437399,non-traditional format,6,random,validation,random
34409755,Horde Prime - Freeform,11,random,validation,random
54587193,and I might reasonably hope to arrive by night. I hired men to row and took an oar myself,16,challenge,challenge,low_similarity
25253826,Homophobia Does Not Exist,6,random,calibration,random
860474,People are Dicks,19,random,calibration,random
14031431,banana milk,24,random,validation,random
9572659,teen life,7,random,validation,random
139908,Stuff Blowing Up,9,random,validation,random
6376262,RPG elements,14,random,validation,random
577319,Rockband AU,36,random,validation,random
1291936,ear,12,random,validation,random
2840952,deliberately bad art,17,random,calibration,random
19930083,Post-Change of Heart!Shido,8,random,validation,random
54579804,as nearly as possible in his own words,16,random,validation,random
9951643,The Forest Fic,9,random,validation,random
9720139,A girl - Freeform,8,random,validation,random
38477551,cottagecore au,14,challenge,challenge,semantic_disagreement
4188821,not for the light hearted,12,random,calibration,random
3258986,McNozzo - Freeform,7,random,validation,random
13380376,lance misses keith,9,random,validation,random
2011481,like 007,10,random,validation,random
722129,revenge porn,73,random,calibration,random
47503696,ToT: Battle of the Bands,23,random,calibration,random
14327513,Photocomics,12,random,calibration,random
10638300,and also very pretty art,14,random,validation,random
12281875,Nothing sad here,6,random,validation,random
9917971,Theomione,58,challenge,challenge,small_margin
628287,оридж,29,random,validation,random
268059,Magical Injury,18,random,calibration,random
5340208,ouch that hurt,13,random,calibration,random
23911007,tiddy sucking,7,challenge,challenge,semantic_disagreement
54586647,a feeling that a truce was established between the present hour and the irresistible,16,challenge,challenge,low_similarity
5491935,but they talk about it,20,random,calibration,random
28099722,processing feelings,6,random,calibration,random
4560323,o no,21,random,calibration,random
10593316,its fucked up,9,random,validation,random
4134494,Better than life,11,random,calibration,random
34682807,Good!Ye Zun,8,random,validation,random
1175808,9,4385,challenge,challenge,high_usage
656705,Mprg,18,random,calibration,random
11429872,NCIS: Pearl Harbor,7,random,validation,random
606919,gorgeous imagery,9,random,calibration,random
3823760,cursing like a sailor,6,random,calibration,random
8362033,Domhnall Gleeson - Freeform,9,random,validation,random
1120956,Gravity Falls - Freeform,209,random,validation,random
7275458,Personal Journey,11,random,calibration,random
4869643,debate team au,10,random,calibration,random
10253110,talking plants,11,random,calibration,random
54586254,as they had been accustomed,16,challenge,challenge,low_similarity
33720232,丙吒 - Freeform,7,challenge,challenge,non_ascii
7098983,it's fun tho,6,random,calibration,random
2260237,First kiss fluff,8,random,calibration,random
2433120,blatant wish fulfillment,7,random,validation,random
1645948,Tony has magic,12,random,validation,random
14746928,Original paladins - Freeform,12,random,calibration,random
24808677,Hufflepuff main character,8,random,validation,random
900481,Merrikat,10,challenge,challenge,semantic_disagreement
25744713,爆豪胜己 - Freeform,19,challenge,challenge,non_ascii
14854865,Open requests,55,random,calibration,random
30979748,Commedia dell'Arte lore mentioned,10,random,validation,random
717725,the grim,7,random,calibration,random
38008630,锦鲤,8,random,calibration,random
704317,Bad Relationship,74,random,validation,random
22470954,ot7 fluff,9,random,calibration,random
54585783,but as I proceeded in my labour,16,challenge,challenge,low_similarity
9318754,Alpha Wanda Maximoff,6,random,calibration,random
54580383,as an easier task,16,challenge,challenge,low_similarity
2416659,Underground society,15,random,calibration,random
3256130,They're second years,17,challenge,challenge,semantic_disagreement
54655938,We are ready,6,challenge,challenge,small_margin
2373552,inappropriate use of fruit,11,random,calibration,random
42971452,Shinsou Hitoshi Whump,7,challenge,challenge,unsupported_name_target
10576136,Kinda hate sex,8,random,calibration,random
4332065,ER visits,10,challenge,challenge,semantic_disagreement
2445723,They're both stubborn idiots,6,random,calibration,random
1339097,Historical stuff,6,random,validation,random
31229980,squirrel jisung,6,random,calibration,random
6667291,maybe a series?,10,random,validation,random
3552458,hence the warning,13,challenge,challenge,small_margin
12949399,"Established Molly Hooper/Leonard ""Bones"" McCoy",16,random,calibration,random
551511,nothing special,51,random,validation,random
54659136,Our only chance is if I do what I'd do,6,challenge,challenge,low_similarity
17662284,BlackxZamasu,9,random,validation,random
